"","GameID","Season","Date","Playoffs","Team","Opp","Coach","Location","HackedPlayerID","HackedFTRate","StartQ","StartTime","StartMargin","PlayerRemoved","PlayerRestTime","EndQ","EndTime","EndMargin","NumPoss","FTM","FTA","ReturnMargin","X2ndChancePts","Win"
"1",21500001,15,"2015-10-27 00:00:00",0,"ATL","DET","('Budenholzer', 'Mike')",1,203083,0.355,3,"4:33",-17,0,0,3,"3:50",-16,1,1,2,Inf,0,0
"3",21500020,15,"2015-10-29 00:00:00",0,"DAL","LAC","('Carlisle', 'Rick')",-1,201599,0.43,2,"0:59",-10,1,20,2,"0:20",-6,2,1,4,-8,0,0
"4",21500020,15,"2015-10-29 00:00:00",0,"DAL","LAC","('Carlisle', 'Rick')",-1,2746,0.595,3,"2:59",-11,0,0,3,"2:19",-12,1,1,2,Inf,0,0
"5",21500020,15,"2015-10-29 00:00:00",0,"DAL","LAC","('Carlisle', 'Rick')",-1,2746,0.595,3,"1:55",-10,0,0,3,"1:26",-13,1,2,2,Inf,0,0
"6",21500038,15,"2015-10-31 00:00:00",0,"SAC","LAC","('Karl', 'George')",-1,201599,0.43,4,"2:46",-5,0,0,4,"1:36",-3,2,3,5,Inf,0,0
"10",21500084,15,"2015-11-06 00:00:00",0,"SAC","HOU","('Karl', 'George')",1,203991,0.379,4,"2:16",-8,0,0,4,"1:33",-7,0,1,2,Inf,0,0
"11",21500093,15,"2015-11-07 00:00:00",0,"LAC","HOU","('Rivers', 'Doc')",1,203991,0.379,4,"6:05",-8,0,0,4,"5:30",-11,2,3,4,Inf,0,0
"12",21500093,15,"2015-11-07 00:00:00",0,"HOU","LAC","('McHale', 'Kevin')",-1,201599,0.43,4,"3:40",5,1,108,4,"2:52",5,2,2,4,1,0,1
"13",21500098,15,"2015-11-08 00:00:00",0,"POR","DET","('Stotts', 'Terry')",1,203083,0.355,4,"2:27",-11,0,0,4,"1:27",-14,3,1,6,Inf,3,0
"14",21500116,15,"2015-11-11 00:00:00",0,"BOS","IND","('Stevens', 'Brad')",1,101133,0.587,2,"3:09",-7,0,0,2,"2:44",-6,1,1,2,Inf,0,0
"15",21500116,15,"2015-11-11 00:00:00",0,"BOS","IND","('Stevens', 'Brad')",1,101133,0.587,2,"2:33",-4,0,0,2,"1:55",-7,1,1,2,Inf,2,0
"16",21500118,15,"2015-11-11 00:00:00",0,"DAL","LAC","('Carlisle', 'Rick')",1,201599,0.43,1,"4:38",0,0,0,1,"4:09",-1,1,1,2,Inf,0,1
"17",21500118,15,"2015-11-11 00:00:00",0,"DAL","LAC","('Carlisle', 'Rick')",1,201599,0.43,4,"5:25",-2,1,168,4,"4:11",0,2,2,6,-1,0,1
"24",21500138,15,"2015-11-14 00:00:00",0,"LAC","DET","('Rivers', 'Doc')",1,203083,0.355,3,"4:23",-9,0,0,3,"3:39",-7,1,1,2,Inf,0,1
"25",21500138,15,"2015-11-14 00:00:00",0,"LAC","DET","('Rivers', 'Doc')",1,203083,0.355,3,"3:25",-6,1,190,3,"3:10",-6,0,0,2,1,0,1
"26",21500138,15,"2015-11-14 00:00:00",0,"LAC","DET","('Rivers', 'Doc')",1,203083,0.355,4,"5:27",3,0,0,4,"4:47",3,1,2,4,Inf,0,1
"27",21500149,15,"2015-11-15 00:00:00",0,"BOS","OKC","('Stevens', 'Brad')",-1,203500,0.582,2,"1:06",-9,0,0,2,"0:33",-8,1,1,2,Inf,0,1
"35",21500175,15,"2015-11-19 00:00:00",0,"SAC","MIA","('Karl', 'George')",-1,202355,0.65,3,"2:12",-7,0,0,3,"0:43",-7,3,4,4,Inf,0,0
"38",21500186,15,"2015-11-20 00:00:00",0,"POR","LAC","('Stotts', 'Terry')",1,201599,0.43,2,"1:10",2,1,45,2,"0:45",3,1,1,4,1,0,1
"58",21500254,15,"2015-11-30 00:00:00",0,"HOU","DET","('Bickerstaff', 'J.B.')",-1,203083,0.355,3,"5:11",-18,1,268,3,"4:28",-18,3,2,8,-11,0,0
"59",21500254,15,"2015-11-30 00:00:00",0,"HOU","DET","('Bickerstaff', 'J.B.')",-1,203083,0.355,4,"4:07",-13,1,128,4,"4:04",-13,0,0,2,1,0,0
"60",21500260,15,"2015-11-30 00:00:00",0,"DAL","SAC","('Carlisle', 'Rick')",-1,200765,0.58,2,"2:44",1,0,0,2,"0:45",2,4,1,4,Inf,0,0
"61",21500260,15,"2015-11-30 00:00:00",0,"DAL","SAC","('Carlisle', 'Rick')",-1,200765,0.58,2,"0:36",3,0,0,2,"0:01",4,1,1,2,Inf,0,0
"62",21500260,15,"2015-11-30 00:00:00",0,"DAL","SAC","('Carlisle', 'Rick')",-1,200765,0.58,3,"3:51",-6,0,0,3,"3:31",-6,1,0,2,Inf,0,0
"63",21500260,15,"2015-11-30 00:00:00",0,"DAL","SAC","('Carlisle', 'Rick')",-1,200765,0.58,3,"3:26",-6,0,0,3,"2:52",-8,1,2,2,Inf,0,0
"64",21500260,15,"2015-11-30 00:00:00",0,"DAL","SAC","('Carlisle', 'Rick')",-1,200765,0.58,4,"3:27",-11,0,0,4,"2:52",-14,2,3,4,Inf,0,0
"65",21500261,15,"2015-11-30 00:00:00",0,"POR","LAC","('Stotts', 'Terry')",-1,201599,0.43,2,"3:34",5,0,0,2,"2:29",1,2,2,4,Inf,0,0
"66",21500261,15,"2015-11-30 00:00:00",0,"POR","LAC","('Stotts', 'Terry')",-1,201599,0.43,3,"5:11",-7,0,0,3,"4:36",-9,1,0,2,Inf,0,0
"67",21500261,15,"2015-11-30 00:00:00",0,"POR","LAC","('Stotts', 'Terry')",-1,201599,0.43,3,"3:38",-9,1,190,3,"3:10",-9,1,0,4,-10,0,0
"68",21500261,15,"2015-11-30 00:00:00",0,"POR","LAC","('Stotts', 'Terry')",-1,201599,0.43,4,"3:51",-14,0,0,4,"1:45",-15,9,8,18,Inf,0,0
"69",21500267,15,"2015-12-01 00:00:00",0,"DAL","POR","('Carlisle', 'Rick')",-1,202334,0.559,4,"2:59",-5,0,0,4,"2:32",-7,1,2,2,Inf,0,1
"75",21500276,15,"2015-12-02 00:00:00",0,"LAC","IND","('Rivers', 'Doc')",1,101133,0.587,4,"3:13",-6,1,41,4,"2:28",-8,2,4,6,-1,0,0
"83",21500371,15,"2015-12-16 00:00:00",0,"DAL","IND","('Carlisle', 'Rick')",-1,101133,0.587,2,"1:26",2,0,0,2,"1:01",-1,1,1,2,Inf,0,0
"84",21500371,15,"2015-12-16 00:00:00",0,"DAL","IND","('Carlisle', 'Rick')",-1,101133,0.587,2,"0:13",-1,0,0,3,"11:46",2,1,0,2,Inf,0,0
"85",21500374,15,"2015-12-16 00:00:00",0,"BOS","DET","('Stevens', 'Brad')",-1,203083,0.355,3,"5:37",-9,1,296,3,"4:56",-8,2,3,6,-2,0,0
"86",21500374,15,"2015-12-16 00:00:00",0,"BOS","DET","('Stevens', 'Brad')",-1,203083,0.355,4,"2:36",-4,1,156,4,"2:36",-4,0,0,0,-3,0,0
"89",21500393,15,"2015-12-18 00:00:00",0,"SAS","LAC","('Popovich', 'Gregg')",1,201599,0.43,2,"0:39",-1,1,25,2,"0:29",1,1,0,2,-1,0,1
"90",21500393,15,"2015-12-18 00:00:00",0,"SAS","LAC","('Popovich', 'Gregg')",1,201599,0.43,3,"2:38",-4,1,34,3,"0:34",-2,6,6,12,-3,0,1
"91",21500393,15,"2015-12-18 00:00:00",0,"SAS","LAC","('Popovich', 'Gregg')",1,201599,0.43,4,"8:57",8,0,0,4,"8:19",6,2,2,4,Inf,0,1
"92",21500393,15,"2015-12-18 00:00:00",0,"SAS","LAC","('Popovich', 'Gregg')",1,201599,0.43,4,"4:33",8,0,0,4,"4:13",8,0,0,2,Inf,0,1
"93",21500401,15,"2015-12-19 00:00:00",0,"LAC","HOU","('Rivers', 'Doc')",-1,2730,0.489,2,"6:57",-21,0,0,2,"5:38",-17,4,4,8,Inf,0,0
"94",21500401,15,"2015-12-19 00:00:00",0,"LAC","HOU","('Rivers', 'Doc')",-1,203991,0.379,2,"5:20",-15,0,0,2,"4:48",-17,1,2,2,Inf,0,0
"95",21500401,15,"2015-12-19 00:00:00",0,"LAC","HOU","('Rivers', 'Doc')",-1,203991,0.379,2,"4:34",-14,0,0,2,"4:09",-16,1,0,2,Inf,0,0
"96",21500401,15,"2015-12-19 00:00:00",0,"HOU","LAC","('Bickerstaff', 'J.B.')",1,201599,0.43,2,"3:58",16,1,214,2,"3:34",18,1,0,2,11,0,1
"97",21500401,15,"2015-12-19 00:00:00",0,"LAC","HOU","('Rivers', 'Doc')",-1,2730,0.489,2,"2:29",-14,1,135,2,"2:15",-14,1,1,2,-11,0,0
"98",21500401,15,"2015-12-19 00:00:00",0,"LAC","HOU","('Rivers', 'Doc')",-1,203991,0.379,3,"1:11",-13,1,70,3,"1:10",-14,0,1,2,-12,0,0
"99",21500401,15,"2015-12-19 00:00:00",0,"HOU","LAC","('Bickerstaff', 'J.B.')",1,201599,0.43,3,"1:00",14,1,35,3,"0:35",12,0,2,2,12,0,1
"100",21500401,15,"2015-12-19 00:00:00",0,"HOU","LAC","('Bickerstaff', 'J.B.')",1,2746,0.595,3,"0:34",12,0,0,3,"0:26",12,1,2,2,Inf,0,1
"103",21500418,15,"2015-12-21 00:00:00",0,"OKC","LAC","('Donovan', 'Billy')",-1,201599,0.43,2,"0:20",-3,1,6,2,"0:06",-3,1,1,2,-2,0,1
"105",21500429,15,"2015-12-23 00:00:00",0,"ATL","DET","('Budenholzer', 'Mike')",1,203083,0.355,1,"2:10",-3,1,82,1,"1:22",-1,2,3,6,1,0,1
"106",21500429,15,"2015-12-23 00:00:00",0,"ATL","DET","('Budenholzer', 'Mike')",1,203083,0.355,2,"8:33",1,0,0,2,"8:00",1,1,0,2,Inf,0,1
"107",21500429,15,"2015-12-23 00:00:00",0,"ATL","DET","('Budenholzer', 'Mike')",1,203083,0.355,2,"7:04",2,0,0,2,"6:41",1,1,1,2,Inf,0,1
"108",21500429,15,"2015-12-23 00:00:00",0,"ATL","DET","('Budenholzer', 'Mike')",1,203083,0.355,3,"2:39",16,1,144,3,"2:24",17,1,0,2,15,0,1
"109",21500439,15,"2015-12-25 00:00:00",0,"SAS","HOU","('Popovich', 'Gregg')",-1,2730,0.489,4,"3:13",-7,0,0,4,"2:46",-9,1,2,2,Inf,0,0
"110",21500439,15,"2015-12-25 00:00:00",0,"SAS","HOU","('Popovich', 'Gregg')",-1,2730,0.489,4,"2:29",-7,0,0,4,"1:44",-5,2,0,5,Inf,0,0
"111",21500446,15,"2015-12-26 00:00:00",0,"BOS","DET","('Stevens', 'Brad')",-1,203083,0.355,1,"2:23",3,0,0,1,"1:59",1,1,2,2,Inf,0,1
"112",21500446,15,"2015-12-26 00:00:00",0,"BOS","DET","('Stevens', 'Brad')",-1,203083,0.355,2,"1:19",5,1,62,2,"1:02",7,1,0,2,5,0,1
"115",21500470,15,"2015-12-29 00:00:00",0,"ATL","HOU","('Budenholzer', 'Mike')",-1,203991,0.379,4,"3:57",0,0,0,4,"3:17",1,1,1,2,Inf,0,1
"116",21500470,15,"2015-12-29 00:00:00",0,"ATL","HOU","('Budenholzer', 'Mike')",-1,203991,0.379,4,"3:00",2,1,17,4,"2:21",1,0,1,2,1,0,1
"117",21500470,15,"2015-12-29 00:00:00",0,"ATL","HOU","('Budenholzer', 'Mike')",-1,2730,0.489,4,"2:19",2,0,0,4,"1:44",-1,2,3,4,Inf,0,1
"127",21500517,15,"2016-01-04 00:00:00",0,"OKC","SAC","('Donovan', 'Billy')",1,200765,0.58,4,"2:24",-11,0,0,4,"1:50",-9,1,0,2,Inf,0,0
"128",21500528,15,"2016-01-06 00:00:00",0,"BOS","DET","('Stevens', 'Brad')",1,203083,0.355,3,"5:45",11,1,307,3,"5:07",12,1,0,2,9,0,0
"131",21500548,15,"2016-01-08 00:00:00",0,"POR","GSW","('Stotts', 'Terry')",1,101106,0.48,2,"4:03",-14,1,237,2,"3:57",-15,0,1,2,-22,0,0
"133",21500564,15,"2016-01-10 00:00:00",0,"POR","OKC","('Stotts', 'Terry')",1,203500,0.582,4,"2:08",-3,1,119,4,"2:00",-1,1,1,2,-1,0,1
"138",21500582,15,"2016-01-13 00:00:00",0,"DAL","OKC","('Carlisle', 'Rick')",-1,203500,0.582,2,"1:01",-23,0,0,2,"0:17",-22,2,1,2,Inf,0,0
"141",21500624,15,"2016-01-18 00:00:00",0,"HOU","LAC","('Bickerstaff', 'J.B.')",-1,201599,0.43,2,"2:17",-9,0,0,2,"1:30",-7,1,1,2,Inf,0,0
"142",21500624,15,"2016-01-18 00:00:00",0,"LAC","HOU","('Rivers', 'Doc')",1,2730,0.489,2,"0:26",9,0,0,3,"11:25",10,2,2,2,Inf,0,1
"143",21500624,15,"2016-01-18 00:00:00",0,"HOU","LAC","('Bickerstaff', 'J.B.')",-1,201599,0.43,3,"2:54",-14,0,0,3,"2:32",-15,1,1,2,Inf,0,0
"144",21500624,15,"2016-01-18 00:00:00",0,"HOU","LAC","('Bickerstaff', 'J.B.')",-1,201599,0.43,3,"2:14",-12,0,0,3,"1:23",-14,1,2,4,Inf,0,0
"145",21500635,15,"2016-01-20 00:00:00",0,"HOU","DET","('Bickerstaff', 'J.B.')",1,203083,0.355,2,"4:03",-4,1,233,2,"3:53",-5,0,1,4,-9,0,0
"146",21500635,15,"2016-01-20 00:00:00",0,"HOU","DET","('Bickerstaff', 'J.B.')",1,203083,0.355,3,"11:51",-9,1,562,3,"9:22",-1,7,5,16,-6,0,0
"147",21500635,15,"2016-01-20 00:00:00",0,"HOU","DET","('Bickerstaff', 'J.B.')",1,203083,0.355,4,"7:36",-11,0,0,4,"6:45",-15,3,4,6,Inf,0,0
"148",21500635,15,"2016-01-20 00:00:00",0,"HOU","DET","('Bickerstaff', 'J.B.')",1,203083,0.355,4,"5:55",-13,1,332,4,"5:32",-13,1,0,4,-9,0,0
"152",21500682,15,"2016-01-26 00:00:00",0,"SAC","POR","('Karl', 'George')",-1,202334,0.559,3,"0:17",-12,0,0,4,"11:16",-14,1,2,2,Inf,0,0
"156",21500687,15,"2016-01-27 00:00:00",0,"ATL","LAC","('Budenholzer', 'Mike')",1,201599,0.43,2,"1:05",-2,0,0,2,"0:35",-1,1,1,2,Inf,0,0
"157",21500687,15,"2016-01-27 00:00:00",0,"ATL","LAC","('Budenholzer', 'Mike')",1,201599,0.43,4,"3:37",-2,0,0,4,"2:32",-2,2,4,4,Inf,0,0
"158",21500689,15,"2016-01-27 00:00:00",0,"SAS","HOU","('Popovich', 'Gregg')",1,203991,0.379,1,"0:27",5,0,0,2,"11:34",4,2,1,4,Inf,0,1
"162",21500701,15,"2016-01-29 00:00:00",0,"OKC","HOU","('Donovan', 'Billy')",1,2730,0.489,2,"2:14",-4,0,0,2,"1:57",-6,1,0,2,Inf,0,1
"163",21500701,15,"2016-01-29 00:00:00",0,"OKC","HOU","('Donovan', 'Billy')",1,2730,0.489,2,"1:41",-4,0,0,2,"1:01",-3,2,1,4,Inf,0,1
"164",21500701,15,"2016-01-29 00:00:00",0,"OKC","HOU","('Donovan', 'Billy')",1,2730,0.489,2,"0:19",-2,0,0,3,"11:12",-3,2,1,2,Inf,0,1
"169",21500737,15,"2016-02-03 00:00:00",0,"BOS","DET","('Stevens', 'Brad')",1,203083,0.355,2,"4:22",12,0,0,2,"3:44",10,1,1,2,Inf,0,1
"176",21500772,15,"2016-02-07 00:00:00",0,"LAC","MIA","('Rivers', 'Doc')",-1,202355,0.65,1,"0:05",-3,0,0,2,"11:46",-4,0,1,2,Inf,0,1
"179",21500788,15,"2016-02-09 00:00:00",0,"HOU","GSW","('Bickerstaff', 'J.B.')",-1,101106,0.48,2,"2:22",-8,0,0,2,"2:11",-9,1,1,2,Inf,0,0
"180",21500792,15,"2016-02-10 00:00:00",0,"BOS","LAC","('Stevens', 'Brad')",1,201599,0.43,1,"1:01",-2,0,0,1,"0:38",-4,1,2,2,Inf,0,1
"181",21500792,15,"2016-02-10 00:00:00",0,"BOS","LAC","('Stevens', 'Brad')",1,201599,0.43,2,"0:10",9,0,0,3,"11:29",7,2,2,2,Inf,0,1
"182",21500792,15,"2016-02-10 00:00:00",0,"BOS","LAC","('Stevens', 'Brad')",1,201599,0.43,5,"2:41",-3,0,0,5,"2:17",-1,1,1,2,Inf,0,1
"183",21500800,15,"2016-02-10 00:00:00",0,"POR","HOU","('Stotts', 'Terry')",1,203991,0.379,2,"0:23",10,0,0,3,"11:26",10,2,1,2,Inf,0,1
"188",21500836,15,"2016-02-22 00:00:00",0,"ATL","GSW","('Budenholzer', 'Mike')",1,101106,0.48,4,"2:06",-9,0,0,4,"1:27",-12,0,1,2,Inf,0,0
"194",21500859,15,"2016-02-25 00:00:00",0,"POR","HOU","('Stotts', 'Terry')",1,2730,0.489,4,"3:16",-8,0,0,4,"1:47",-8,3,2,7,Inf,0,0
"195",21500872,15,"2016-02-27 00:00:00",0,"SAS","HOU","('Popovich', 'Gregg')",-1,2730,0.489,4,"3:07",13,0,0,4,"2:27",14,2,2,4,Inf,0,1
"196",21500872,15,"2016-02-27 00:00:00",0,"SAS","HOU","('Popovich', 'Gregg')",-1,2730,0.489,4,"2:05",16,0,0,4,"1:33",16,1,0,2,Inf,0,1
"198",21500899,15,"2016-03-02 00:00:00",0,"BOS","POR","('Stevens', 'Brad')",1,202334,0.559,1,"0:08",-3,0,0,1,"0:01",-3,1,2,2,Inf,0,1
"201",21500910,15,"2016-03-03 00:00:00",0,"DAL","SAC","('Carlisle', 'Rick')",1,200765,0.58,4,"4:06",-11,0,0,4,"4:04",-12,0,1,2,Inf,0,0
"202",21500910,15,"2016-03-03 00:00:00",0,"DAL","SAC","('Carlisle', 'Rick')",1,200765,0.58,4,"3:30",-11,0,0,4,"3:04",-12,1,1,2,Inf,2,0
"203",21500929,15,"2016-03-05 00:00:00",0,"ATL","LAC","('Budenholzer', 'Mike')",-1,201599,0.43,3,"3:21",1,0,0,3,"2:30",-4,3,4,6,Inf,0,1
"204",21500929,15,"2016-03-05 00:00:00",0,"ATL","LAC","('Budenholzer', 'Mike')",-1,201599,0.43,3,"1:48",0,1,75,3,"1:15",1,2,1,4,1,0,1
"205",21500929,15,"2016-03-05 00:00:00",0,"ATL","LAC","('Budenholzer', 'Mike')",-1,201599,0.43,4,"5:07",2,0,0,4,"4:33",3,1,1,2,Inf,0,1
"206",21500929,15,"2016-03-05 00:00:00",0,"ATL","LAC","('Budenholzer', 'Mike')",-1,201599,0.43,4,"4:03",5,1,150,4,"3:48",5,0,0,2,1,0,1
"207",21500942,15,"2016-03-07 00:00:00",0,"DAL","LAC","('Carlisle', 'Rick')",1,201599,0.43,2,"1:59",-1,0,0,2,"1:29",-1,1,0,2,Inf,0,0
"208",21500942,15,"2016-03-07 00:00:00",0,"DAL","LAC","('Carlisle', 'Rick')",1,201599,0.43,2,"1:09",-1,0,0,2,"0:24",0,2,1,4,Inf,0,0
"210",21500954,15,"2016-03-09 00:00:00",0,"DAL","DET","('Carlisle', 'Rick')",1,203083,0.355,2,"2:43",-3,0,0,2,"2:06",-7,2,2,4,Inf,0,0
"211",21500954,15,"2016-03-09 00:00:00",0,"DAL","DET","('Carlisle', 'Rick')",1,203083,0.355,2,"1:25",-5,1,52,2,"0:52",-5,1,2,4,-2,0,0
"212",21500955,15,"2016-03-09 00:00:00",0,"OKC","LAC","('Donovan', 'Billy')",1,201599,0.43,1,"2:02",4,0,0,1,"1:29",4,1,1,2,Inf,0,1
"213",21500955,15,"2016-03-09 00:00:00",0,"OKC","LAC","('Donovan', 'Billy')",1,201599,0.43,1,"0:59",6,1,51,1,"0:51",6,0,0,2,10,0,1
"215",21500965,15,"2016-03-11 00:00:00",0,"BOS","HOU","('Stevens', 'Brad')",1,2730,0.489,1,"0:13",4,0,0,2,"11:21",4,1,0,2,Inf,0,0
"216",21500965,15,"2016-03-11 00:00:00",0,"BOS","HOU","('Stevens', 'Brad')",1,203991,0.379,3,"1:48",-5,1,94,3,"1:34",-5,0,0,2,-4,0,0
"220",21501007,15,"2016-03-16 00:00:00",0,"ATL","DET","('Budenholzer', 'Mike')",-1,203083,0.355,3,"3:36",-8,1,205,3,"3:25",-7,1,0,2,-1,0,1
"221",21501007,15,"2016-03-16 00:00:00",0,"ATL","DET","('Budenholzer', 'Mike')",-1,203083,0.355,4,"6:26",2,0,0,4,"5:59",-1,1,1,2,Inf,0,1
"222",21501007,15,"2016-03-16 00:00:00",0,"ATL","DET","('Budenholzer', 'Mike')",-1,203083,0.355,4,"5:27",2,0,0,4,"4:37",2,2,2,4,Inf,0,1
"223",21501007,15,"2016-03-16 00:00:00",0,"ATL","DET","('Budenholzer', 'Mike')",-1,203083,0.355,4,"4:08",0,1,231,4,"3:51",1,1,1,2,4,0,1
"224",21501009,15,"2016-03-16 00:00:00",0,"HOU","LAC","('Bickerstaff', 'J.B.')",1,201599,0.43,2,"2:06",-18,0,0,2,"1:42",-21,1,1,2,Inf,0,0
"225",21501009,15,"2016-03-16 00:00:00",0,"HOU","LAC","('Bickerstaff', 'J.B.')",1,201599,0.43,2,"1:30",-19,1,8,2,"0:40",-21,1,2,4,-1,0,0
"226",21501009,15,"2016-03-16 00:00:00",0,"HOU","LAC","('Bickerstaff', 'J.B.')",1,201599,0.43,3,"7:46",-21,0,0,3,"5:56",-21,3,2,2,Inf,0,0
"227",21501026,15,"2016-03-18 00:00:00",0,"DAL","GSW","('Carlisle', 'Rick')",1,101106,0.48,2,"0:50",-4,0,0,2,"0:30",-8,1,2,2,Inf,0,0
"228",21501029,15,"2016-03-19 00:00:00",0,"ATL","HOU","('Budenholzer', 'Mike')",1,2730,0.489,2,"5:39",11,0,0,2,"5:15",11,1,2,2,Inf,0,1
"234",21501054,15,"2016-03-22 00:00:00",0,"OKC","HOU","('Donovan', 'Billy')",1,203991,0.379,2,"5:29",7,0,0,2,"5:14",4,0,1,2,Inf,0,1
"238",21501072,15,"2016-03-24 00:00:00",0,"POR","LAC","('Stotts', 'Terry')",-1,201599,0.43,2,"0:57",-4,1,21,2,"0:21",-7,2,3,6,-7,0,0
"239",21501072,15,"2016-03-24 00:00:00",0,"POR","LAC","('Stotts', 'Terry')",-1,201599,0.43,4,"3:17",7,0,0,4,"2:58",7,1,2,2,Inf,0,0
"243",21501085,15,"2016-03-26 00:00:00",0,"ATL","DET","('Budenholzer', 'Mike')",-1,203083,0.355,2,"4:03",12,0,0,2,"3:34",11,1,1,2,Inf,0,1
"245",21501106,15,"2016-03-28 00:00:00",0,"BOS","LAC","('Stevens', 'Brad')",-1,201599,0.43,1,"0:28",-5,0,0,2,"11:49",-6,1,1,2,Inf,0,0
"249",21501129,15,"2016-04-01 00:00:00",0,"DAL","DET","('Carlisle', 'Rick')",-1,203083,0.355,4,"4:33",5,1,271,4,"4:31",5,0,0,2,9,0,1
"250",21501131,15,"2016-04-01 00:00:00",0,"ATL","CLE","('Budenholzer', 'Mike')",1,202684,0.616,4,"2:16",1,0,0,4,"1:41",2,1,1,2,Inf,0,0
"255",21501170,15,"2016-04-06 00:00:00",0,"DAL","HOU","('Carlisle', 'Rick')",1,2730,0.489,4,"3:22",-1,1,107,4,"3:06",-1,1,0,2,-1,2,1
"259",21501196,15,"2016-04-10 00:00:00",0,"DAL","LAC","('Carlisle', 'Rick')",-1,201599,0.43,2,"0:32",0,1,8,2,"0:08",0,1,0,2,-2,0,0
"260",21501196,15,"2016-04-10 00:00:00",0,"DAL","LAC","('Carlisle', 'Rick')",-1,201599,0.43,3,"7:45",-3,0,0,3,"6:43",-6,2,0,2,Inf,0,0
"261",21501196,15,"2016-04-10 00:00:00",0,"DAL","LAC","('Carlisle', 'Rick')",-1,201599,0.43,3,"6:12",-6,0,0,3,"5:24",-8,3,1,4,Inf,3,0
"262",21501196,15,"2016-04-10 00:00:00",0,"DAL","LAC","('Carlisle', 'Rick')",-1,201599,0.43,3,"3:45",-6,0,0,3,"3:24",-10,1,2,2,Inf,0,0
"263",21501196,15,"2016-04-10 00:00:00",0,"DAL","LAC","('Carlisle', 'Rick')",-1,201599,0.43,4,"2:14",-9,0,0,4,"2:02",-10,0,1,2,Inf,0,0
"264",21501217,15,"2016-04-13 00:00:00",0,"BOS","MIA","('Stevens', 'Brad')",1,202355,0.65,2,"0:12",-24,0,0,3,"11:25",-24,2,2,2,Inf,0,1
"272",41500141,15,"2016-04-16 00:00:00",1,"GSW","HOU","('Kerr', 'Steve')",1,203991,0.379,1,"0:16",18,0,0,2,"11:40",16,1,0,2,Inf,0,1
"274",41500142,15,"2016-04-18 00:00:00",1,"HOU","GSW","('Bickerstaff', 'J.B.')",-1,101106,0.48,2,"1:19",-11,1,74,2,"1:14",-10,1,0,2,-8,0,0
"275",41500143,15,"2016-04-21 00:00:00",1,"GSW","HOU","('Kerr', 'Steve')",-1,2746,0.595,2,"0:25",-10,0,0,2,"0:00",-7,1,0,2,Inf,0,0
"276",41500143,15,"2016-04-21 00:00:00",1,"GSW","HOU","('Kerr', 'Steve')",-1,2730,0.489,4,"3:07",-4,1,166,4,"2:48",-1,1,0,2,1,0,0
"278",41500144,15,"2016-04-24 00:00:00",1,"GSW","HOU","('Kerr', 'Steve')",-1,2730,0.489,2,"6:46",-2,0,0,2,"6:27",-3,0,1,1,Inf,0,1
"279",41500144,15,"2016-04-24 00:00:00",1,"GSW","HOU","('Kerr', 'Steve')",-1,2730,0.489,2,"3:33",-4,1,138,2,"2:18",1,2,1,4,0,0,1
"281",41500164,15,"2016-04-23 00:00:00",1,"DAL","OKC","('Carlisle', 'Rick')",1,203500,0.582,2,"1:35",-8,1,85,2,"1:25",-9,0,1,2,-9,0,0
"282",41500165,15,"2016-04-25 00:00:00",1,"DAL","OKC","('Carlisle', 'Rick')",-1,203500,0.582,1,"2:40",-9,0,0,1,"1:49",-12,1,2,4,Inf,0,0
"283",41500165,15,"2016-04-25 00:00:00",1,"DAL","OKC","('Carlisle', 'Rick')",-1,203500,0.582,2,"1:59",-2,0,0,2,"1:45",-4,1,2,2,Inf,0,0
"284",41500171,15,"2016-04-17 00:00:00",1,"POR","LAC","('Stotts', 'Terry')",-1,201599,0.43,1,"0:40",-3,1,37,1,"0:37",-5,0,2,2,-5,0,0
"285",41500171,15,"2016-04-17 00:00:00",1,"LAC","POR","('Rivers', 'Doc')",1,202334,0.559,3,"0:07",17,0,0,4,"10:45",15,2,4,4,Inf,0,1
"286",41500171,15,"2016-04-17 00:00:00",1,"POR","LAC","('Stotts', 'Terry')",-1,201599,0.43,4,"5:13",-19,0,0,4,"4:22",-18,3,3,8,Inf,0,0
"287",41500171,15,"2016-04-17 00:00:00",1,"POR","LAC","('Stotts', 'Terry')",-1,201599,0.43,4,"3:14",-18,1,175,4,"2:55",-20,0,2,4,-20,2,0
"288",41500172,15,"2016-04-20 00:00:00",1,"POR","LAC","('Stotts', 'Terry')",-1,201599,0.43,2,"0:25",-6,1,6,2,"0:06",-5,0,0,2,-4,0,0
"289",41500172,15,"2016-04-20 00:00:00",1,"POR","LAC","('Stotts', 'Terry')",-1,201599,0.43,3,"1:01",-7,1,42,3,"0:42",-8,1,1,4,-6,0,0
"290",41500173,15,"2016-04-23 00:00:00",1,"POR","LAC","('Stotts', 'Terry')",1,201599,0.43,3,"3:09",4,1,174,3,"2:54",5,1,1,2,3,0,1
"291",41500173,15,"2016-04-23 00:00:00",1,"LAC","POR","('Rivers', 'Doc')",-1,202334,0.559,3,"0:26",-3,1,23,3,"0:23",-3,1,1,2,-3,0,0
"292",41500173,15,"2016-04-23 00:00:00",1,"POR","LAC","('Stotts', 'Terry')",1,201599,0.43,4,"1:15",4,0,0,4,"0:46",5,1,1,2,Inf,0,1
"293",41500175,15,"2016-04-27 00:00:00",1,"POR","LAC","('Stotts', 'Terry')",-1,201599,0.43,2,"2:59",-2,0,0,2,"2:31",-5,1,1,2,Inf,0,1
"294",41500175,15,"2016-04-27 00:00:00",1,"POR","LAC","('Stotts', 'Terry')",-1,201599,0.43,2,"1:47",-2,1,94,2,"1:34",-4,1,2,2,-5,0,1
"295",41500175,15,"2016-04-27 00:00:00",1,"POR","LAC","('Stotts', 'Terry')",-1,201599,0.43,4,"2:32",12,1,37,4,"2:23",12,0,0,2,1,0,1
"296",41500176,15,"2016-04-29 00:00:00",1,"POR","LAC","('Stotts', 'Terry')",1,201599,0.43,2,"4:43",0,0,0,2,"3:30",2,2,1,2,Inf,0,1
"297",41500176,15,"2016-04-29 00:00:00",1,"POR","LAC","('Stotts', 'Terry')",1,201599,0.43,2,"2:29",2,1,130,2,"2:16",2,1,0,2,-1,0,1
"298",41500203,15,"2016-05-06 00:00:00",1,"ATL","CLE","('Budenholzer', 'Mike')",1,202684,0.616,1,"5:19",-5,0,0,1,"4:40",-3,1,1,2,Inf,0,0
"299",41500203,15,"2016-05-06 00:00:00",1,"ATL","CLE","('Budenholzer', 'Mike')",1,202684,0.616,3,"5:46",6,0,0,3,"5:14",7,1,1,2,Inf,0,0
"302",41500223,15,"2016-05-07 00:00:00",1,"GSW","POR","('Kerr', 'Steve')",-1,202334,0.559,3,"1:27",-10,0,0,3,"0:47",-12,1,2,2,Inf,0,0
"303",41500224,15,"2016-05-09 00:00:00",1,"POR","GSW","('Stotts', 'Terry')",1,101106,0.48,2,"4:37",9,0,0,2,"4:22",6,1,1,2,Inf,0,0
"304",41500224,15,"2016-05-09 00:00:00",1,"POR","GSW","('Stotts', 'Terry')",1,101106,0.48,2,"3:15",5,1,176,2,"2:56",4,2,2,4,10,0,0
"305",41500224,15,"2016-05-09 00:00:00",1,"GSW","POR","('Kerr', 'Steve')",-1,202334,0.559,2,"2:33",-3,0,0,2,"2:13",-6,0,1,2,Inf,2,1
"313",41500316,15,"2016-05-28 00:00:00",1,"OKC","GSW","('Donovan', 'Billy')",1,101106,0.48,2,"1:53",6,1,93,2,"1:33",7,1,1,2,5,0,0
"314",41500316,15,"2016-05-28 00:00:00",1,"OKC","GSW","('Donovan', 'Billy')",1,101106,0.48,3,"2:16",4,1,115,3,"1:55",6,1,0,2,8,0,0
"316",41500405,15,"2016-06-13 00:00:00",1,"GSW","CLE","('Kerr', 'Steve')",1,202684,0.616,3,"3:48",-8,0,0,3,"3:04",-9,1,1,2,Inf,0,0
"317",41500405,15,"2016-06-13 00:00:00",1,"GSW","CLE","('Kerr', 'Steve')",1,202684,0.616,3,"2:39",-7,0,0,3,"1:48",-11,1,2,4,Inf,0,0
"319",21400020,14,"2014-10-30 00:00:00",0,"LAC","OKC","('Rivers', 'Doc')",1,203500,0.502,3,"5:36",1,0,0,3,"5:05",1,1,2,2,Inf,0,1
"324",21400203,14,"2014-11-24 00:00:00",0,"DAL","IND","('Carlisle', 'Rick')",1,101133,0.304,4,"2:07",-8,0,0,4,"1:32",-8,1,0,2,Inf,0,0
"347",21400504,14,"2015-01-04 00:00:00",0,"SAC","DET","('Corbin', 'Tyrone')",-1,203083,0.389,4,"2:27",-14,0,0,4,"1:39",-19,1,2,3,Inf,0,0
"350",21400559,14,"2015-01-11 00:00:00",0,"LAC","MIA","('Rivers', 'Doc')",1,202355,0.5,4,"3:00",-8,1,41,4,"2:42",-9,0,1,2,-1,0,0
"353",21400607,14,"2015-01-17 00:00:00",0,"SAC","LAC","('Corbin', 'Tyrone')",1,201599,0.397,4,"5:30",-11,0,0,4,"4:58",-9,1,0,2,Inf,0,0
"354",21400607,14,"2015-01-17 00:00:00",0,"SAC","LAC","('Corbin', 'Tyrone')",1,201599,0.397,4,"4:51",-7,1,262,4,"4:22",-7,1,1,2,-9,0,0
"355",21400613,14,"2015-01-19 00:00:00",0,"ATL","DET","('Budenholzer', 'Mike')",1,203083,0.389,2,"0:22",4,0,0,3,"11:26",3,2,1,2,Inf,0,1
"356",21400613,14,"2015-01-19 00:00:00",0,"ATL","DET","('Budenholzer', 'Mike')",1,203083,0.389,3,"0:29",8,0,0,4,"11:39",7,0,1,2,Inf,0,1
"357",21400614,14,"2015-01-19 00:00:00",0,"BOS","LAC","('Stevens', 'Brad')",-1,201599,0.397,4,"2:59",-5,1,30,4,"2:20",-6,2,1,4,1,0,0
"365",21400765,14,"2015-02-08 00:00:00",0,"OKC","LAC","('Brooks', 'Scott')",1,201599,0.397,2,"3:35",10,0,0,2,"2:49",11,1,1,2,Inf,0,1
"366",21400790,14,"2015-02-11 00:00:00",0,"SAS","DET","('Popovich', 'Gregg')",-1,203083,0.389,2,"0:13",11,0,0,2,"0:01",9,1,1,2,Inf,0,1
"367",21400799,14,"2015-02-11 00:00:00",0,"HOU","LAC","('McHale', 'Kevin')",-1,201599,0.397,4,"3:26",-12,0,0,4,"2:10",-12,6,5,12,Inf,0,0
"368",21400802,14,"2015-02-19 00:00:00",0,"SAS","LAC","('Popovich', 'Gregg')",-1,201599,0.397,2,"3:54",-1,0,0,2,"3:26",-3,1,1,2,Inf,0,0
"369",21400802,14,"2015-02-19 00:00:00",0,"SAS","LAC","('Popovich', 'Gregg')",-1,201599,0.397,2,"3:07",0,1,54,2,"1:22",5,3,3,10,1,0,0
"370",21400802,14,"2015-02-19 00:00:00",0,"SAS","LAC","('Popovich', 'Gregg')",-1,201599,0.397,4,"7:12",-3,0,0,4,"6:27",-3,2,2,4,Inf,0,0
"371",21400802,14,"2015-02-19 00:00:00",0,"SAS","LAC","('Popovich', 'Gregg')",-1,201599,0.397,4,"6:03",-2,1,131,4,"4:26",-4,2,2,8,1,0,0
"381",21400908,14,"2015-03-04 00:00:00",0,"POR","LAC","('Stotts', 'Terry')",-1,201599,0.397,4,"4:01",-8,0,0,4,"3:10",-8,2,0,4,Inf,0,1
"382",21400908,14,"2015-03-04 00:00:00",0,"POR","LAC","('Stotts', 'Terry')",-1,201599,0.397,4,"2:45",-10,1,92,4,"2:38",-9,1,0,2,1,0,1
"385",21400957,14,"2015-03-11 00:00:00",0,"OKC","LAC","('Brooks', 'Scott')",1,201599,0.397,4,"8:23",-17,0,0,4,"7:22",-15,3,2,6,Inf,0,0
"386",21400957,14,"2015-03-11 00:00:00",0,"OKC","LAC","('Brooks', 'Scott')",1,201599,0.397,4,"7:00",-13,0,0,4,"6:36",-14,1,1,2,Inf,0,0
"387",21400957,14,"2015-03-11 00:00:00",0,"OKC","LAC","('Brooks', 'Scott')",1,201599,0.397,4,"3:52",-15,0,0,4,"1:56",-18,3,4,6,Inf,0,0
"401",21401095,14,"2015-03-29 00:00:00",0,"BOS","LAC","('Stevens', 'Brad')",1,201599,0.397,2,"0:37",-24,1,30,2,"0:30",-24,0,1,2,-21,0,0
"402",21401095,14,"2015-03-29 00:00:00",0,"BOS","LAC","('Stevens', 'Brad')",1,201599,0.397,4,"4:15",-14,0,0,4,"3:13",-13,3,0,6,Inf,2,0
"403",21401095,14,"2015-03-29 00:00:00",0,"BOS","LAC","('Stevens', 'Brad')",1,201599,0.397,4,"2:55",-13,0,0,4,"2:50",-14,0,1,2,Inf,0,0
"404",21401095,14,"2015-03-29 00:00:00",0,"BOS","LAC","('Stevens', 'Brad')",1,201599,0.397,4,"2:34",-14,0,0,4,"2:24",-15,1,1,2,Inf,2,0
"408",21401120,14,"2015-04-01 00:00:00",0,"DAL","OKC","('Carlisle', 'Rick')",-1,203500,0.502,4,"2:51",-1,0,0,4,"2:12",-2,1,1,2,Inf,0,1
"409",21401122,14,"2015-04-01 00:00:00",0,"POR","LAC","('Stotts', 'Terry')",1,201599,0.397,4,"2:44",-9,1,31,4,"2:18",-8,1,2,6,-1,0,0
"411",21401125,14,"2015-04-02 00:00:00",0,"DAL","HOU","('Carlisle', 'Rick')",1,203991,0.174,2,"5:30",2,1,319,2,"5:19",3,1,0,2,8,0,0
"412",21401125,14,"2015-04-02 00:00:00",0,"DAL","HOU","('Carlisle', 'Rick')",1,2746,0.468,3,"1:55",4,0,0,3,"1:32",2,1,2,2,Inf,0,0
"415",21401147,14,"2015-04-05 00:00:00",0,"OKC","HOU","('Brooks', 'Scott')",1,2730,0.528,4,"1:11",-7,0,0,4,"0:36",-4,1,0,2,Inf,0,0
"418",21401168,14,"2015-04-08 00:00:00",0,"SAS","HOU","('Popovich', 'Gregg')",1,2730,0.528,3,"1:26",14,0,0,3,"1:00",12,1,2,2,Inf,0,1
"420",21401181,14,"2015-04-10 00:00:00",0,"SAS","HOU","('Popovich', 'Gregg')",-1,2746,0.468,3,"4:24",0,0,0,3,"3:59",-3,1,0,2,Inf,0,1
"421",21401181,14,"2015-04-10 00:00:00",0,"SAS","HOU","('Popovich', 'Gregg')",-1,2746,0.468,3,"3:22",-2,0,0,3,"2:59",-3,1,1,2,Inf,0,1
"422",21401181,14,"2015-04-10 00:00:00",0,"SAS","HOU","('Popovich', 'Gregg')",-1,2746,0.468,3,"2:43",-1,1,107,3,"1:47",-1,2,2,6,5,0,1
"423",21401181,14,"2015-04-10 00:00:00",0,"SAS","HOU","('Popovich', 'Gregg')",-1,2746,0.468,4,"7:53",4,0,0,4,"7:03",0,3,5,6,Inf,4,1
"424",21401181,14,"2015-04-10 00:00:00",0,"SAS","HOU","('Popovich', 'Gregg')",-1,2746,0.468,4,"6:34",2,0,0,4,"4:12",0,4,4,10,Inf,0,1
"432",21401209,14,"2015-04-13 00:00:00",0,"POR","OKC","('Stotts', 'Terry')",-1,203500,0.502,4,"3:40",-13,1,211,4,"3:31",-14,0,2,2,-11,0,0
"441",41400114,14,"2015-04-26 00:00:00",1,"BOS","CLE","('Stevens', 'Brad')",1,202684,0.641,4,"2:06",-12,0,0,4,"1:10",-11,2,1,2,Inf,0,0
"444",41400151,14,"2015-04-18 00:00:00",1,"DAL","HOU","('Carlisle', 'Rick')",-1,203991,0.174,1,"0:54",-14,0,0,1,"0:21",-13,1,1,2,Inf,0,0
"445",41400151,14,"2015-04-18 00:00:00",1,"DAL","HOU","('Carlisle', 'Rick')",-1,2746,0.468,4,"4:09",-10,1,184,4,"4:08",-11,0,1,2,1,0,0
"447",41400152,14,"2015-04-21 00:00:00",1,"DAL","HOU","('Carlisle', 'Rick')",-1,2730,0.528,1,"0:32",2,0,0,1,"0:01",2,2,2,2,Inf,0,0
"448",41400152,14,"2015-04-21 00:00:00",1,"DAL","HOU","('Carlisle', 'Rick')",-1,203991,0.174,3,"3:29",-5,0,0,3,"2:18",-3,2,1,2,Inf,0,0
"449",41400153,14,"2015-04-24 00:00:00",1,"DAL","HOU","('Carlisle', 'Rick')",1,203991,0.174,1,"2:59",-7,0,0,1,"2:13",-9,2,2,2,Inf,0,0
"450",41400153,14,"2015-04-24 00:00:00",1,"DAL","HOU","('Carlisle', 'Rick')",1,2730,0.528,4,"5:55",-9,0,0,4,"4:49",-10,2,3,4,Inf,0,0
"451",41400154,14,"2015-04-26 00:00:00",1,"DAL","HOU","('Carlisle', 'Rick')",1,203991,0.174,1,"1:11",-5,0,0,1,"0:49",-9,1,2,2,Inf,0,1
"452",41400154,14,"2015-04-26 00:00:00",1,"DAL","HOU","('Carlisle', 'Rick')",1,2746,0.468,2,"8:50",-7,0,0,2,"8:24",-10,1,1,2,Inf,0,1
"453",41400154,14,"2015-04-26 00:00:00",1,"DAL","HOU","('Carlisle', 'Rick')",1,2730,0.528,2,"7:02",-5,0,0,2,"6:36",-5,1,1,2,Inf,0,1
"454",41400154,14,"2015-04-26 00:00:00",1,"DAL","HOU","('Carlisle', 'Rick')",1,2730,0.528,2,"3:25",5,0,0,2,"2:48",5,1,0,2,Inf,0,1
"455",41400154,14,"2015-04-26 00:00:00",1,"DAL","HOU","('Carlisle', 'Rick')",1,2746,0.468,3,"2:48",20,0,0,3,"2:26",21,1,1,2,Inf,0,1
"456",41400155,14,"2015-04-28 00:00:00",1,"DAL","HOU","('Carlisle', 'Rick')",-1,2746,0.468,2,"1:06",-3,0,0,2,"0:41",-4,1,1,2,Inf,0,0
"457",41400155,14,"2015-04-28 00:00:00",1,"DAL","HOU","('Carlisle', 'Rick')",-1,2746,0.468,2,"0:34",-2,0,0,2,"0:02",-6,1,1,2,Inf,3,0
"458",41400155,14,"2015-04-28 00:00:00",1,"DAL","HOU","('Carlisle', 'Rick')",-1,2730,0.528,3,"5:21",-13,0,0,3,"4:01",-10,3,2,6,Inf,0,0
"459",41400155,14,"2015-04-28 00:00:00",1,"DAL","HOU","('Carlisle', 'Rick')",-1,2730,0.528,3,"2:43",-10,0,0,3,"1:40",-10,2,2,4,Inf,0,0
"460",41400161,14,"2015-04-19 00:00:00",1,"SAS","LAC","('Popovich', 'Gregg')",-1,201599,0.397,2,"1:34",-6,1,20,2,"0:20",-6,3,4,8,-6,0,0
"461",41400162,14,"2015-04-22 00:00:00",1,"SAS","LAC","('Popovich', 'Gregg')",-1,201599,0.397,3,"2:41",3,1,108,3,"1:48",2,2,2,4,3,0,1
"462",41400162,14,"2015-04-22 00:00:00",1,"SAS","LAC","('Popovich', 'Gregg')",-1,201599,0.397,4,"4:51",5,0,0,4,"3:52",2,2,3,6,Inf,2,1
"463",41400162,14,"2015-04-22 00:00:00",1,"SAS","LAC","('Popovich', 'Gregg')",-1,201599,0.397,4,"2:50",2,0,0,4,"2:23",2,1,0,2,Inf,0,1
"464",41400164,14,"2015-04-26 00:00:00",1,"SAS","LAC","('Popovich', 'Gregg')",1,201599,0.397,3,"2:46",1,1,166,3,"2:46",1,0,0,2,-5,0,0
"465",41400165,14,"2015-04-28 00:00:00",1,"SAS","LAC","('Popovich', 'Gregg')",-1,201599,0.397,2,"4:39",-1,1,237,2,"3:57",2,2,2,6,-1,0,1
"466",41400165,14,"2015-04-28 00:00:00",1,"SAS","LAC","('Popovich', 'Gregg')",-1,201599,0.397,3,"5:22",1,1,206,3,"3:26",4,6,5,10,0,0,1
"467",41400166,14,"2015-04-30 00:00:00",1,"SAS","LAC","('Popovich', 'Gregg')",1,201599,0.397,2,"7:13",9,0,0,2,"5:40",9,3,4,6,Inf,0,0
"468",41400166,14,"2015-04-30 00:00:00",1,"SAS","LAC","('Popovich', 'Gregg')",1,201599,0.397,4,"2:43",-4,0,0,4,"2:21",-6,1,0,2,Inf,0,0
"469",41400167,14,"2015-05-02 00:00:00",1,"SAS","LAC","('Popovich', 'Gregg')",-1,201599,0.397,2,"0:38",-1,0,0,3,"11:42",-2,2,1,4,Inf,3,0
"470",41400167,14,"2015-05-02 00:00:00",1,"SAS","LAC","('Popovich', 'Gregg')",-1,201599,0.397,3,"2:54",-2,1,161,3,"2:41",-2,0,0,2,-1,0,0
"473",41400231,14,"2015-05-04 00:00:00",1,"LAC","HOU","('Rivers', 'Doc')",-1,2746,0.468,2,"1:34",-3,0,0,2,"1:18",-4,1,1,2,Inf,0,1
"474",41400231,14,"2015-05-04 00:00:00",1,"LAC","HOU","('Rivers', 'Doc')",-1,2730,0.528,2,"0:15",-5,1,4,2,"0:04",-5,1,1,2,-4,0,1
"475",41400231,14,"2015-05-04 00:00:00",1,"HOU","LAC","('McHale', 'Kevin')",1,201599,0.397,3,"3:41",-1,0,0,3,"3:29",-4,1,1,2,Inf,0,0
"476",41400231,14,"2015-05-04 00:00:00",1,"LAC","HOU","('Rivers', 'Doc')",-1,2730,0.528,4,"2:37",10,1,149,4,"2:29",10,1,1,2,16,0,1
"477",41400232,14,"2015-05-06 00:00:00",1,"LAC","HOU","('Rivers', 'Doc')",-1,2746,0.468,3,"4:24",6,0,0,3,"3:52",7,1,1,2,Inf,0,0
"478",41400232,14,"2015-05-06 00:00:00",1,"LAC","HOU","('Rivers', 'Doc')",-1,2746,0.468,3,"2:07",7,0,0,3,"1:48",7,1,0,2,Inf,0,0
"479",41400232,14,"2015-05-06 00:00:00",1,"LAC","HOU","('Rivers', 'Doc')",-1,2730,0.528,4,"6:45",-6,1,230,4,"6:18",-7,1,3,4,1,0,0
"480",41400232,14,"2015-05-06 00:00:00",1,"HOU","LAC","('McHale', 'Kevin')",1,201599,0.397,4,"2:52",8,1,132,4,"2:28",8,1,0,2,-1,0,1
"481",41400232,14,"2015-05-06 00:00:00",1,"LAC","HOU","('Rivers', 'Doc')",-1,2730,0.528,4,"2:11",-6,0,0,4,"1:36",-6,0,0,2,Inf,0,0
"482",41400233,14,"2015-05-08 00:00:00",1,"LAC","HOU","('Rivers', 'Doc')",1,2730,0.528,2,"2:12",12,0,0,2,"1:24",8,1,1,2,Inf,0,1
"483",41400234,14,"2015-05-10 00:00:00",1,"HOU","LAC","('McHale', 'Kevin')",-1,201599,0.397,1,"5:34",1,0,0,1,"4:01",2,4,4,8,Inf,0,0
"484",41400234,14,"2015-05-10 00:00:00",1,"HOU","LAC","('McHale', 'Kevin')",-1,201599,0.397,1,"3:03",6,1,182,1,"3:02",5,0,1,2,3,0,0
"485",41400234,14,"2015-05-10 00:00:00",1,"HOU","LAC","('McHale', 'Kevin')",-1,201599,0.397,2,"7:05",-4,0,0,2,"6:40",-3,1,1,2,Inf,0,0
"486",41400234,14,"2015-05-10 00:00:00",1,"HOU","LAC","('McHale', 'Kevin')",-1,201599,0.397,2,"5:24",-2,1,19,2,"5:14",0,1,0,2,1,0,0
"487",41400234,14,"2015-05-10 00:00:00",1,"HOU","LAC","('McHale', 'Kevin')",-1,201599,0.397,2,"4:25",2,0,0,2,"2:59",-2,4,2,8,Inf,0,0
"488",41400234,14,"2015-05-10 00:00:00",1,"HOU","LAC","('McHale', 'Kevin')",-1,201599,0.397,2,"0:08",-6,0,0,3,"11:21",-6,1,0,2,Inf,0,0
"489",41400234,14,"2015-05-10 00:00:00",1,"HOU","LAC","('McHale', 'Kevin')",-1,201599,0.397,3,"3:00",-22,0,0,3,"2:27",-24,2,4,4,Inf,0,0
"490",41400235,14,"2015-05-12 00:00:00",1,"LAC","HOU","('Rivers', 'Doc')",-1,2730,0.528,2,"0:44",-11,1,24,2,"0:24",-13,0,2,2,-15,0,0
"491",41400235,14,"2015-05-12 00:00:00",1,"HOU","LAC","('McHale', 'Kevin')",1,201599,0.397,3,"2:47",13,0,0,3,"2:08",14,1,1,2,Inf,0,1
"492",41400235,14,"2015-05-12 00:00:00",1,"HOU","LAC","('McHale', 'Kevin')",1,201599,0.397,3,"1:07",15,1,66,3,"1:06",15,0,0,2,14,0,1
"493",41400235,14,"2015-05-12 00:00:00",1,"LAC","HOU","('Rivers', 'Doc')",-1,2730,0.528,3,"1:04",-15,0,0,3,"0:36",-16,1,1,2,Inf,0,0
"494",41400235,14,"2015-05-12 00:00:00",1,"HOU","LAC","('McHale', 'Kevin')",1,201599,0.397,4,"9:11",16,0,0,4,"8:38",16,1,2,2,Inf,0,1
"495",41400235,14,"2015-05-12 00:00:00",1,"HOU","LAC","('McHale', 'Kevin')",1,201599,0.397,4,"8:20",19,0,0,4,"7:46",18,1,1,2,Inf,0,1
"496",41400235,14,"2015-05-12 00:00:00",1,"HOU","LAC","('McHale', 'Kevin')",1,201599,0.397,4,"6:12",20,0,0,4,"6:01",19,1,1,2,Inf,0,1
"497",41400235,14,"2015-05-12 00:00:00",1,"HOU","LAC","('McHale', 'Kevin')",1,201599,0.397,4,"5:34",18,1,334,4,"5:34",17,0,1,2,21,0,1
"498",41400236,14,"2015-05-14 00:00:00",1,"LAC","HOU","('Rivers', 'Doc')",1,2730,0.528,2,"1:25",-1,1,72,2,"1:12",2,1,0,2,2,0,0
"499",41400236,14,"2015-05-14 00:00:00",1,"LAC","HOU","('Rivers', 'Doc')",1,2730,0.528,3,"1:03",15,0,0,3,"0:40",10,1,2,2,Inf,0,0
"500",41400236,14,"2015-05-14 00:00:00",1,"LAC","HOU","('Rivers', 'Doc')",1,2746,0.468,4,"1:16",-9,0,0,4,"0:53",-9,2,2,4,Inf,0,0
"501",41400311,14,"2015-05-19 00:00:00",1,"GSW","HOU","('Kerr', 'Steve')",1,203991,0.174,3,"1:05",7,0,0,3,"0:34",6,1,1,2,Inf,0,1
"502",41400314,14,"2015-05-25 00:00:00",1,"GSW","HOU","('Kerr', 'Steve')",-1,2730,0.528,2,"2:05",-12,1,123,2,"2:03",-12,0,0,2,-10,0,0
"503",41400314,14,"2015-05-25 00:00:00",1,"GSW","HOU","('Kerr', 'Steve')",-1,203991,0.174,3,"0:32",-15,0,0,3,"0:02",-13,1,1,2,Inf,0,0
"504",41400314,14,"2015-05-25 00:00:00",1,"GSW","HOU","('Kerr', 'Steve')",-1,2746,0.468,4,"5:46",-13,0,0,4,"5:22",-14,1,1,2,Inf,0,0
"505",41400314,14,"2015-05-25 00:00:00",1,"GSW","HOU","('Kerr', 'Steve')",-1,2746,0.468,4,"4:40",-16,1,231,4,"3:51",-13,3,2,8,-13,0,0
"506",41400315,14,"2015-05-27 00:00:00",1,"GSW","HOU","('Kerr', 'Steve')",1,2730,0.528,2,"1:09",6,1,38,2,"0:38",6,1,2,4,6,0,1
"508",41400315,14,"2015-05-27 00:00:00",1,"GSW","HOU","('Kerr', 'Steve')",1,2730,0.528,3,"0:24",8,0,0,4,"11:21",8,1,2,2,Inf,0,1
"510",41400402,14,"2015-06-07 00:00:00",1,"GSW","CLE","('Kerr', 'Steve')",1,202684,0.641,4,"2:57",-8,1,54,4,"2:35",-6,2,2,4,-1,0,0
"512",21300019,13,"2013-10-31 00:00:00",0,"GSW","LAC","('Jackson', 'Mark')",-1,201599,0.428,4,"3:54",-11,1,23,4,"3:53",-11,0,0,2,1,0,0
"513",21300019,13,"2013-10-31 00:00:00",0,"GSW","LAC","('Jackson', 'Mark')",-1,201599,0.428,4,"2:23",-11,1,32,4,"2:09",-9,1,0,2,1,0,0
"514",21300025,13,"2013-11-01 00:00:00",0,"DAL","HOU","('Carlisle', 'Rick')",-1,2730,0.547,3,"6:01",-10,0,0,3,"5:50",-10,0,0,2,Inf,0,0
"515",21300025,13,"2013-11-01 00:00:00",0,"DAL","HOU","('Carlisle', 'Rick')",-1,2730,0.547,3,"5:34",-10,0,0,3,"5:02",-13,1,0,2,Inf,0,0
"516",21300025,13,"2013-11-01 00:00:00",0,"DAL","HOU","('Carlisle', 'Rick')",-1,2730,0.547,3,"4:45",-11,0,0,3,"3:55",-10,2,3,4,Inf,0,0
"517",21300025,13,"2013-11-01 00:00:00",0,"DAL","HOU","('Carlisle', 'Rick')",-1,2730,0.547,4,"5:33",-14,0,0,4,"5:04",-13,1,2,2,Inf,0,0
"518",21300031,13,"2013-11-01 00:00:00",0,"SAC","LAC","('Malone', 'Mike')",1,201599,0.428,2,"1:08",-4,0,0,2,"0:46",-6,1,2,2,Inf,0,0
"519",21300041,13,"2013-11-03 00:00:00",0,"BOS","DET","('Stevens', 'Brad')",-1,203083,0.418,4,"3:09",-5,0,0,4,"2:30",-4,1,1,2,Inf,0,0
"520",21300058,13,"2013-11-05 00:00:00",0,"POR","HOU","('Stotts', 'Terry')",1,2730,0.547,4,"2:12",-13,0,0,4,"1:31",-14,1,1,2,Inf,0,0
"522",21300090,13,"2013-11-09 00:00:00",0,"HOU","LAC","('McHale', 'Kevin')",1,201599,0.428,4,"3:02",-8,1,181,4,"3:01",-7,1,0,2,-13,0,0
"525",21300122,13,"2013-11-13 00:00:00",0,"OKC","LAC","('Brooks', 'Scott')",-1,201599,0.428,3,"2:20",0,0,0,3,"1:56",-2,1,2,2,Inf,0,0
"532",21300172,13,"2013-11-20 00:00:00",0,"DAL","HOU","('Carlisle', 'Rick')",1,2730,0.547,3,"4:26",-14,0,0,3,"3:09",-17,4,4,4,Inf,0,1
"533",21300187,13,"2013-11-23 00:00:00",0,"SAC","LAC","('Malone', 'Mike')",-1,201599,0.428,2,"3:33",-11,0,0,2,"3:17",-12,1,1,2,Inf,0,0
"534",21300187,13,"2013-11-23 00:00:00",0,"SAC","LAC","('Malone', 'Mike')",-1,201599,0.428,2,"2:44",-10,0,0,2,"2:17",-11,1,1,2,Inf,0,0
"535",21300187,13,"2013-11-23 00:00:00",0,"SAC","LAC","('Malone', 'Mike')",-1,201599,0.428,2,"0:26",-7,0,0,2,"0:01",-9,1,2,2,Inf,0,0
"538",21300235,13,"2013-11-29 00:00:00",0,"OKC","GSW","('Brooks', 'Scott')",1,101106,0.344,4,"2:49",-3,1,37,4,"2:39",-3,1,1,2,-1,0,1
"540",21300240,13,"2013-11-29 00:00:00",0,"SAC","LAC","('Malone', 'Mike')",1,201599,0.428,3,"0:23",-1,0,0,4,"11:46",-1,1,0,2,Inf,0,0
"541",21300240,13,"2013-11-29 00:00:00",0,"SAC","LAC","('Malone', 'Mike')",1,201599,0.428,4,"2:16",-3,0,0,4,"1:51",-3,0,0,2,Inf,0,0
"542",21300245,13,"2013-11-30 00:00:00",0,"SAS","HOU","('Popovich', 'Gregg')",1,2730,0.547,4,"3:03",0,0,0,4,"2:34",1,1,1,2,Inf,0,0
"543",21300245,13,"2013-11-30 00:00:00",0,"SAS","HOU","('Popovich', 'Gregg')",1,2730,0.547,4,"2:23",2,0,0,4,"1:32",2,2,3,4,Inf,0,0
"547",21300285,13,"2013-12-06 00:00:00",0,"GSW","HOU","('Jackson', 'Mark')",-1,2730,0.547,3,"5:19",-23,0,0,3,"4:12",-27,2,3,4,Inf,0,0
"550",21300350,13,"2013-12-15 00:00:00",0,"SAC","HOU","('Malone', 'Mike')",1,2730,0.547,2,"0:19",9,0,0,2,"0:00",8,1,2,2,Inf,0,1
"556",21300528,13,"2014-01-08 00:00:00",0,"BOS","LAC","('Stevens', 'Brad')",-1,201599,0.428,3,"1:09",-5,0,0,3,"0:46",-7,1,0,2,Inf,0,0
"559",21300556,13,"2014-01-13 00:00:00",0,"BOS","HOU","('Stevens', 'Brad')",1,2730,0.547,4,"3:48",-10,0,0,4,"3:32",-11,1,1,2,Inf,0,0
"560",21300556,13,"2014-01-13 00:00:00",0,"BOS","HOU","('Stevens', 'Brad')",1,2730,0.547,4,"3:13",-10,0,0,4,"1:40",-10,6,5,10,Inf,0,0
"562",21300592,13,"2014-01-17 00:00:00",0,"OKC","GSW","('Brooks', 'Scott')",1,101106,0.344,2,"8:51",7,0,0,2,"8:40",7,0,0,2,Inf,0,1
"565",21300614,13,"2014-01-20 00:00:00",0,"POR","HOU","('Stotts', 'Terry')",-1,2730,0.547,3,"0:59",-10,0,0,3,"0:38",-12,2,2,2,Inf,0,0
"566",21300627,13,"2014-01-22 00:00:00",0,"SAC","HOU","('Malone', 'Mike')",-1,2730,0.547,3,"1:18",-16,0,0,3,"0:55",-16,1,0,2,Inf,0,0
"567",21300627,13,"2014-01-22 00:00:00",0,"SAC","HOU","('Malone', 'Mike')",-1,2730,0.547,3,"0:44",-17,0,0,4,"11:42",-17,1,1,4,Inf,0,0
"569",21300671,13,"2014-01-28 00:00:00",0,"SAS","HOU","('Popovich', 'Gregg')",-1,2730,0.547,3,"3:27",-3,0,0,3,"0:28",-10,7,9,14,Inf,0,0
"570",21300671,13,"2014-01-28 00:00:00",0,"SAS","HOU","('Popovich', 'Gregg')",-1,2730,0.547,4,"1:07",-4,0,0,4,"0:34",-4,1,0,2,Inf,2,0
"571",21300677,13,"2014-04-08 00:00:00",0,"ATL","DET","('Budenholzer', 'Mike')",1,203083,0.418,3,"0:05",-1,0,0,4,"11:36",-3,0,2,2,Inf,0,0
"573",21300681,13,"2014-01-29 00:00:00",0,"DAL","HOU","('Carlisle', 'Rick')",1,2730,0.547,4,"4:21",-10,0,0,4,"2:53",-12,5,7,8,Inf,0,0
"582",21300789,13,"2014-02-12 00:00:00",0,"POR","LAC","('Stotts', 'Terry')",-1,201599,0.428,3,"2:05",1,1,113,3,"1:53",2,1,2,2,3,0,0
"585",21300800,13,"2014-02-18 00:00:00",0,"SAS","LAC","('Popovich', 'Gregg')",-1,201599,0.428,4,"6:03",9,0,0,4,"5:17",6,1,2,2,Inf,0,1
"587",21300819,13,"2014-02-21 00:00:00",0,"ATL","DET","('Budenholzer', 'Mike')",-1,203083,0.418,4,"4:20",-4,1,220,4,"3:40",-2,2,0,4,-8,0,0
"588",21300833,13,"2014-02-23 00:00:00",0,"OKC","LAC","('Brooks', 'Scott')",1,201599,0.428,2,"4:57",4,0,0,2,"4:10",7,2,1,4,Inf,0,0
"591",21300951,13,"2014-03-11 00:00:00",0,"SAC","DET","('Malone', 'Mike')",-1,203083,0.418,2,"0:12",3,0,0,3,"11:39",0,0,1,2,Inf,0,0
"593",21300967,13,"2014-03-12 00:00:00",0,"GSW","LAC","('Jackson', 'Mark')",-1,201599,0.428,4,"1:09",-12,0,0,4,"0:46",-11,1,1,2,Inf,0,0
"596",21301083,13,"2014-03-28 00:00:00",0,"SAC","OKC","('Malone', 'Mike')",-1,203500,0.581,2,"1:26",-16,0,0,2,"0:58",-17,1,1,2,Inf,0,0
"597",21301083,13,"2014-03-28 00:00:00",0,"SAC","OKC","('Malone', 'Mike')",-1,203500,0.581,2,"0:56",-17,0,0,2,"0:01",-16,2,1,2,Inf,0,0
"598",21301088,13,"2014-03-29 00:00:00",0,"HOU","LAC","('McHale', 'Kevin')",1,201599,0.428,4,"4:59",-6,0,0,4,"4:05",-6,2,3,4,Inf,0,0
"602",21301160,13,"2014-04-08 00:00:00",0,"SAC","OKC","('Malone', 'Mike')",1,203500,0.581,2,"1:43",-13,0,0,2,"0:36",-12,2,2,4,Inf,0,0
"603",21301189,13,"2014-04-12 00:00:00",0,"SAC","LAC","('Malone', 'Mike')",-1,201599,0.428,2,"2:23",-7,0,0,2,"1:39",-6,1,0,4,Inf,0,0
"604",21301189,13,"2014-04-12 00:00:00",0,"SAC","LAC","('Malone', 'Mike')",-1,201599,0.428,2,"1:10",-5,0,0,2,"0:39",-8,2,2,4,Inf,0,0
"605",41300161,13,"2014-04-19 00:00:00",1,"GSW","LAC","('Jackson', 'Mark')",-1,201599,0.428,4,"3:04",3,0,0,4,"2:27",0,1,2,2,Inf,0,1
"606",41300162,13,"2014-04-21 00:00:00",1,"GSW","LAC","('Jackson', 'Mark')",-1,201599,0.428,2,"2:59",-23,0,0,2,"2:34",-23,1,2,2,Inf,0,0
"607",41300162,13,"2014-04-21 00:00:00",1,"GSW","LAC","('Jackson', 'Mark')",-1,201599,0.428,3,"1:51",-30,0,0,3,"1:29",-32,1,2,2,Inf,0,0
"608",41300165,13,"2014-04-29 00:00:00",1,"GSW","LAC","('Jackson', 'Mark')",-1,201599,0.428,4,"5:08",-7,0,0,4,"3:49",-9,3,4,6,Inf,0,0
"609",41300166,13,"2014-05-01 00:00:00",1,"GSW","LAC","('Jackson', 'Mark')",1,201599,0.428,2,"1:02",-2,1,61,2,"1:01",-2,0,0,2,-3,0,1
"610",41300171,13,"2014-04-20 00:00:00",1,"POR","HOU","('Stotts', 'Terry')",-1,2730,0.547,4,"4:30",-9,1,154,4,"3:29",-5,4,2,6,1,0,1
"611",41300173,13,"2014-04-25 00:00:00",1,"POR","HOU","('Stotts', 'Terry')",1,2730,0.547,4,"5:06",-6,0,0,4,"4:33",-5,1,1,2,Inf,0,0
"613",41300231,13,"2014-05-05 00:00:00",1,"OKC","LAC","('Brooks', 'Scott')",1,201599,0.428,3,"4:02",-25,0,0,3,"3:23",-23,2,1,6,Inf,0,0
"614",41300231,13,"2014-05-05 00:00:00",1,"OKC","LAC","('Brooks', 'Scott')",1,201599,0.428,3,"2:55",-22,0,0,3,"2:19",-24,1,0,2,Inf,0,0
"615",41300313,13,"2014-05-25 00:00:00",1,"SAS","OKC","('Popovich', 'Gregg')",-1,203500,0.581,3,"0:21",-6,0,0,3,"0:00",-7,2,1,2,Inf,0,0
