,GAME_ID,EVENTNUM,EVENTMSGTYPE,EVENTMSGACTIONTYPE,PERIOD,WCTIMESTRING,PCTIMESTRING,HOMEDESCRIPTION,NEUTRALDESCRIPTION,VISITORDESCRIPTION,SCORE,SCOREMARGIN,PERSON1TYPE,PLAYER1_ID,PLAYER1_NAME,PLAYER1_TEAM_ID,PLAYER1_TEAM_CITY,PLAYER1_TEAM_NICKNAME,PLAYER1_TEAM_ABBREVIATION,PERSON2TYPE,PLAYER2_ID,PLAYER2_NAME,PLAYER2_TEAM_ID,PLAYER2_TEAM_CITY,PLAYER2_TEAM_NICKNAME,PLAYER2_TEAM_ABBREVIATION,PERSON3TYPE,PLAYER3_ID,PLAYER3_NAME,PLAYER3_TEAM_ID,PLAYER3_TEAM_CITY,PLAYER3_TEAM_NICKNAME,PLAYER3_TEAM_ABBREVIATION
0,0021301192,0,12,0,1,7:41 PM,12:00,,,,,,0,0,,,,,,0,0,,,,,,0,0,,,,,
1,0021301192,1,10,0,1,7:42 PM,12:00,Jump Ball Brand vs. Bosh: Tip to,,,,,4,1882,Elton Brand,1610612737.0,Atlanta,Hawks,ATL,5,2547,Chris Bosh,1610612748.0,Miami,Heat,MIA,2,1610612737,,,,,
2,0021301192,2,2,77,1,7:42 PM,11:49,MISS Millsap 9' Driving Jump Shot,,Wade BLOCK (1 BLK),,,4,200794,Paul Millsap,1610612737.0,Atlanta,Hawks,ATL,0,0,,,,,,5,2548,Dwyane Wade,1610612748.0,Miami,Heat,MIA
3,0021301192,3,4,0,1,7:42 PM,11:47,,,Chalmers REBOUND (Off:0 Def:1),,,5,201596,Mario Chalmers,1610612748.0,Miami,Heat,MIA,0,0,,,,,,0,0,,,,,
4,0021301192,4,1,50,1,7:42 PM,11:43,,,Wade 1' Running Dunk (2 PTS) (James 1 AST),2 - 0,-2,5,2548,Dwyane Wade,1610612748.0,Miami,Heat,MIA,5,2544,LeBron James,1610612748.0,Miami,Heat,MIA,0,0,,,,,
5,0021301192,5,5,1,1,7:42 PM,11:29,Carroll Bad Pass Turnover (P1.T1),,Bosh STEAL (1 STL),,,4,201960,DeMarre Carroll,1610612737.0,Atlanta,Hawks,ATL,5,2547,Chris Bosh,1610612748.0,Miami,Heat,MIA,0,0,,,,,
6,0021301192,6,5,2,1,7:42 PM,11:26,Teague STEAL (1 STL),,Bosh Lost Ball Turnover (P1.T1),,,5,2547,Chris Bosh,1610612748.0,Miami,Heat,MIA,4,201952,Jeff Teague,1610612737.0,Atlanta,Hawks,ATL,0,0,,,,,
7,0021301192,7,6,27,1,7:42 PM,11:20,,,Haslem Personal Block Foul (P1.T1),,,5,2617,Udonis Haslem,1610612748.0,Miami,Heat,MIA,4,201952,Jeff Teague,1610612737.0,Atlanta,Hawks,ATL,1,0,,,,,
8,0021301192,9,1,1,1,7:43 PM,11:10,Carroll 24' 3PT Jump Shot (3 PTS) (Millsap 1 AST),,,2 - 3,1,4,201960,DeMarre Carroll,1610612737.0,Atlanta,Hawks,ATL,4,200794,Paul Millsap,1610612737.0,Atlanta,Hawks,ATL,0,0,,,,,
9,0021301192,10,1,1,1,7:43 PM,10:50,,,Haslem 18' Jump Shot (2 PTS) (Bosh 1 AST),4 - 3,-1,5,2617,Udonis Haslem,1610612748.0,Miami,Heat,MIA,5,2547,Chris Bosh,1610612748.0,Miami,Heat,MIA,0,0,,,,,
10,0021301192,11,2,1,1,7:44 PM,10:26,MISS Teague 24' 3PT Jump Shot,,,,,4,201952,Jeff Teague,1610612737.0,Atlanta,Hawks,ATL,0,0,,,,,,0,0,,,,,
11,0021301192,12,4,0,1,7:44 PM,10:24,,,James REBOUND (Off:0 Def:1),,,5,2544,LeBron James,1610612748.0,Miami,Heat,MIA,0,0,,,,,,0,0,,,,,
12,0021301192,13,1,1,1,7:44 PM,10:13,,,Bosh 25' 3PT Jump Shot (3 PTS) (James 2 AST),7 - 3,-4,5,2547,Chris Bosh,1610612748.0,Miami,Heat,MIA,5,2544,LeBron James,1610612748.0,Miami,Heat,MIA,0,0,,,,,
13,0021301192,14,6,2,1,7:44 PM,9:58,,,Chalmers S.FOUL (P1.T2),,,5,201596,Mario Chalmers,1610612748.0,Miami,Heat,MIA,4,201960,DeMarre Carroll,1610612737.0,Atlanta,Hawks,ATL,1,0,,,,,
14,0021301192,15,3,11,1,7:44 PM,9:58,Carroll Free Throw 1 of 2 (4 PTS),,,7 - 4,-3,4,201960,DeMarre Carroll,1610612737.0,Atlanta,Hawks,ATL,0,0,,,,,,0,0,,,,,
15,0021301192,17,3,12,1,7:45 PM,9:58,Carroll Free Throw 2 of 2 (5 PTS),,,7 - 5,-2,4,201960,DeMarre Carroll,1610612737.0,Atlanta,Hawks,ATL,0,0,,,,,,0,0,,,,,
16,0021301192,20,1,1,1,7:45 PM,9:48,,,Wade 21' Jump Shot (4 PTS) (Chalmers 1 AST),9 - 5,-4,5,2548,Dwyane Wade,1610612748.0,Miami,Heat,MIA,5,201596,Mario Chalmers,1610612748.0,Miami,Heat,MIA,0,0,,,,,
17,0021301192,21,5,2,1,7:46 PM,9:26,Brand Lost Ball Turnover (P1.T2),,Bosh STEAL (2 STL),,,4,1882,Elton Brand,1610612737.0,Atlanta,Hawks,ATL,5,2547,Chris Bosh,1610612748.0,Miami,Heat,MIA,0,0,,,,,
18,0021301192,22,5,1,1,7:46 PM,9:22,,,Chalmers Bad Pass Turnover (P1.T2),,,5,201596,Mario Chalmers,1610612748.0,Miami,Heat,MIA,0,0,,,,,,0,0,,,,,
19,0021301192,23,1,73,1,7:46 PM,9:06,Millsap 1' Driving Reverse Layup (2 PTS),,,9 - 7,-2,4,200794,Paul Millsap,1610612737.0,Atlanta,Hawks,ATL,0,0,,,,,,0,0,,,,,
20,0021301192,24,1,42,1,7:46 PM,8:41,,,James 1' Driving Layup (2 PTS),11 - 7,-4,5,2544,LeBron James,1610612748.0,Miami,Heat,MIA,0,0,,,,,,0,0,,,,,
21,0021301192,25,1,1,1,7:47 PM,8:28,Brand 16' Jump Shot (2 PTS) (Teague 1 AST),,,11 - 9,-2,4,1882,Elton Brand,1610612737.0,Atlanta,Hawks,ATL,4,201952,Jeff Teague,1610612737.0,Atlanta,Hawks,ATL,0,0,,,,,
22,0021301192,26,5,2,1,7:47 PM,8:11,Teague STEAL (2 STL),,Chalmers Lost Ball Turnover (P2.T3),,,5,201596,Mario Chalmers,1610612748.0,Miami,Heat,MIA,4,201952,Jeff Teague,1610612737.0,Atlanta,Hawks,ATL,0,0,,,,,
23,0021301192,28,1,1,1,7:47 PM,8:03,Brand 3' Jump Shot (4 PTS) (Carroll 1 AST),,,11 - 11,TIE,4,1882,Elton Brand,1610612737.0,Atlanta,Hawks,ATL,4,201960,DeMarre Carroll,1610612737.0,Atlanta,Hawks,ATL,0,0,,,,,
24,0021301192,29,6,2,1,7:47 PM,8:03,,,Wade S.FOUL (P1.T3),,,5,2548,Dwyane Wade,1610612748.0,Miami,Heat,MIA,4,1882,Elton Brand,1610612737.0,Atlanta,Hawks,ATL,1,0,,,,,
25,0021301192,30,3,10,1,7:47 PM,8:03,MISS Brand Free Throw 1 of 1,,,,,4,1882,Elton Brand,1610612737.0,Atlanta,Hawks,ATL,0,0,,,,,,0,0,,,,,
26,0021301192,32,4,0,1,7:47 PM,8:01,,,Haslem REBOUND (Off:0 Def:1),,,5,2617,Udonis Haslem,1610612748.0,Miami,Heat,MIA,0,0,,,,,,0,0,,,,,
27,0021301192,33,1,42,1,7:48 PM,7:50,,,Wade 2' Driving Layup (6 PTS) (Bosh 2 AST),13 - 11,-2,5,2548,Dwyane Wade,1610612748.0,Miami,Heat,MIA,5,2547,Chris Bosh,1610612748.0,Miami,Heat,MIA,0,0,,,,,
28,0021301192,34,2,63,1,7:48 PM,7:27,MISS Millsap 19' Fadeaway Jumper,,,,,4,200794,Paul Millsap,1610612737.0,Atlanta,Hawks,ATL,0,0,,,,,,0,0,,,,,
29,0021301192,35,4,0,1,7:48 PM,7:25,,,Haslem REBOUND (Off:0 Def:2),,,5,2617,Udonis Haslem,1610612748.0,Miami,Heat,MIA,0,0,,,,,,0,0,,,,,
30,0021301192,36,6,1,1,7:48 PM,7:20,Carroll P.FOUL (P1.T1),,,,,4,201960,DeMarre Carroll,1610612737.0,Atlanta,Hawks,ATL,5,2544,LeBron James,1610612748.0,Miami,Heat,MIA,1,0,,,,,
31,0021301192,37,6,2,1,7:49 PM,7:09,Millsap S.FOUL (P1.T2),,,,,4,200794,Paul Millsap,1610612737.0,Atlanta,Hawks,ATL,5,2548,Dwyane Wade,1610612748.0,Miami,Heat,MIA,1,0,,,,,
32,0021301192,38,3,11,1,7:49 PM,7:09,,,Wade Free Throw 1 of 2 (7 PTS),14 - 11,-3,5,2548,Dwyane Wade,1610612748.0,Miami,Heat,MIA,0,0,,,,,,0,0,,,,,
33,0021301192,40,3,12,1,7:49 PM,7:09,,,MISS Wade Free Throw 2 of 2,,,5,2548,Dwyane Wade,1610612748.0,Miami,Heat,MIA,0,0,,,,,,0,0,,,,,
34,0021301192,42,4,0,1,7:49 PM,7:08,Carroll REBOUND (Off:0 Def:1),,,,,4,201960,DeMarre Carroll,1610612737.0,Atlanta,Hawks,ATL,0,0,,,,,,0,0,,,,,
35,0021301192,43,2,1,1,7:50 PM,6:45,MISS Carroll 26' 3PT Jump Shot,,,,,4,201960,DeMarre Carroll,1610612737.0,Atlanta,Hawks,ATL,0,0,,,,,,0,0,,,,,
36,0021301192,44,4,0,1,7:50 PM,6:44,,,Haslem REBOUND (Off:0 Def:3),,,5,2617,Udonis Haslem,1610612748.0,Miami,Heat,MIA,0,0,,,,,,0,0,,,,,
37,0021301192,46,2,1,1,7:50 PM,6:31,,,MISS Bosh 24' 3PT Jump Shot,,,5,2547,Chris Bosh,1610612748.0,Miami,Heat,MIA,0,0,,,,,,0,0,,,,,
38,0021301192,47,4,0,1,7:50 PM,6:28,Teague REBOUND (Off:0 Def:1),,,,,4,201952,Jeff Teague,1610612737.0,Atlanta,Hawks,ATL,0,0,,,,,,0,0,,,,,
39,0021301192,48,6,1,1,7:50 PM,6:27,,,Bosh P.FOUL (P1.T4),,,5,2547,Chris Bosh,1610612748.0,Miami,Heat,MIA,4,201952,Jeff Teague,1610612737.0,Atlanta,Hawks,ATL,1,0,,,,,
40,0021301192,49,9,1,1,7:50 PM,6:27,HAWKS Timeout: Regular (Full 1 Short 0),,,,,2,1610612737,,,,,,0,0,,,,,,0,0,,,,,
41,0021301192,51,8,0,1,7:50 PM,6:27,,,SUB: Cole FOR Wade,,,5,2548,Dwyane Wade,1610612748.0,Miami,Heat,MIA,5,202708,Norris Cole,1610612748.0,Miami,Heat,MIA,0,0,,,,,
42,0021301192,52,8,0,1,7:53 PM,6:27,SUB: Scott FOR Brand,,,,,4,1882,Elton Brand,1610612737.0,Atlanta,Hawks,ATL,4,203118,Mike Scott,1610612737.0,Atlanta,Hawks,ATL,0,0,,,,,
43,0021301192,53,5,1,1,7:53 PM,6:11,Carroll Bad Pass Turnover (P2.T3),,Bosh STEAL (3 STL),,,4,201960,DeMarre Carroll,1610612737.0,Atlanta,Hawks,ATL,5,2547,Chris Bosh,1610612748.0,Miami,Heat,MIA,0,0,,,,,
44,0021301192,54,2,1,1,7:53 PM,6:00,,,MISS Chalmers  3PT Jump Shot,,,5,201596,Mario Chalmers,1610612748.0,Miami,Heat,MIA,0,0,,,,,,0,0,,,,,
45,0021301192,55,4,0,1,7:53 PM,5:59,Carroll REBOUND (Off:0 Def:2),,,,,4,201960,DeMarre Carroll,1610612737.0,Atlanta,Hawks,ATL,0,0,,,,,,0,0,,,,,
46,0021301192,56,1,73,1,7:54 PM,5:43,Carroll 3' Driving Reverse Layup (7 PTS) (Millsap 2 AST),,,14 - 13,-1,4,201960,DeMarre Carroll,1610612737.0,Atlanta,Hawks,ATL,4,200794,Paul Millsap,1610612737.0,Atlanta,Hawks,ATL,0,0,,,,,
47,0021301192,57,2,1,1,7:54 PM,5:21,,,MISS Cole  3PT Jump Shot,,,5,202708,Norris Cole,1610612748.0,Miami,Heat,MIA,0,0,,,,,,0,0,,,,,
48,0021301192,58,4,0,1,7:54 PM,5:19,Scott REBOUND (Off:0 Def:1),,,,,4,203118,Mike Scott,1610612737.0,Atlanta,Hawks,ATL,0,0,,,,,,0,0,,,,,
49,0021301192,59,1,77,1,7:54 PM,4:59,Scott 6' Driving Jump Shot (2 PTS),,,14 - 15,1,4,203118,Mike Scott,1610612737.0,Atlanta,Hawks,ATL,0,0,,,,,,0,0,,,,,
50,0021301192,61,5,8,1,7:55 PM,4:35,,,Haslem 3 Second Violation Turnover (P1.T4),,,5,2617,Udonis Haslem,1610612748.0,Miami,Heat,MIA,0,0,,,,,,1,0,,,,,
51,0021301192,62,1,1,1,7:55 PM,4:18,Teague 26' 3PT Jump Shot (3 PTS) (Carroll 2 AST),,,14 - 18,4,4,201952,Jeff Teague,1610612737.0,Atlanta,Hawks,ATL,4,201960,DeMarre Carroll,1610612737.0,Atlanta,Hawks,ATL,0,0,,,,,
52,0021301192,63,1,5,1,7:56 PM,4:01,,,Haslem 3' Layup (4 PTS) (Cole 1 AST),16 - 18,2,5,2617,Udonis Haslem,1610612748.0,Miami,Heat,MIA,5,202708,Norris Cole,1610612748.0,Miami,Heat,MIA,0,0,,,,,
53,0021301192,65,8,0,1,7:56 PM,3:48,,,SUB: Allen FOR Chalmers,,,5,201596,Mario Chalmers,1610612748.0,Miami,Heat,MIA,5,951,Ray Allen,1610612748.0,Miami,Heat,MIA,0,0,,,,,
54,0021301192,66,8,0,1,7:56 PM,3:48,,,SUB: Lewis FOR Bosh,,,5,2547,Chris Bosh,1610612748.0,Miami,Heat,MIA,5,1740,Rashard Lewis,1610612748.0,Miami,Heat,MIA,0,0,,,,,
55,0021301192,67,6,1,1,7:56 PM,3:42,,,Cole P.FOUL (P1.PN),,,5,202708,Norris Cole,1610612748.0,Miami,Heat,MIA,4,201952,Jeff Teague,1610612737.0,Atlanta,Hawks,ATL,1,0,,,,,
56,0021301192,68,3,11,1,7:57 PM,3:42,Teague Free Throw 1 of 2 (4 PTS),,,16 - 19,3,4,201952,Jeff Teague,1610612737.0,Atlanta,Hawks,ATL,0,0,,,,,,0,0,,,,,
57,0021301192,70,8,0,1,7:57 PM,3:42,SUB: Williams FOR Korver,,,,,4,2594,Kyle Korver,1610612737.0,Atlanta,Hawks,ATL,4,101150,Lou Williams,1610612737.0,Atlanta,Hawks,ATL,0,0,,,,,
58,0021301192,71,3,12,1,7:57 PM,3:42,Teague Free Throw 2 of 2 (5 PTS),,,16 - 20,4,4,201952,Jeff Teague,1610612737.0,Atlanta,Hawks,ATL,0,0,,,,,,0,0,,,,,
59,0021301192,73,5,1,1,7:57 PM,3:29,Teague STEAL (3 STL),,Haslem Bad Pass Turnover (P2.T5),,,5,2617,Udonis Haslem,1610612748.0,Miami,Heat,MIA,4,201952,Jeff Teague,1610612737.0,Atlanta,Hawks,ATL,0,0,,,,,
60,0021301192,74,1,41,1,7:57 PM,3:23,Teague 2' Running Layup (7 PTS),,,16 - 22,6,4,201952,Jeff Teague,1610612737.0,Atlanta,Hawks,ATL,0,0,,,,,,0,0,,,,,
61,0021301192,75,9,1,1,7:58 PM,3:16,,,Heat Timeout: Regular (Reg.1 Short 0),,,3,1610612748,,,,,,0,0,,,,,,0,0,,,,,
62,0021301192,77,2,1,1,8:00 PM,3:03,,,MISS James 20' Jump Shot,,,5,2544,LeBron James,1610612748.0,Miami,Heat,MIA,0,0,,,,,,0,0,,,,,
63,0021301192,78,4,0,1,8:00 PM,3:01,Millsap REBOUND (Off:0 Def:1),,,,,4,200794,Paul Millsap,1610612737.0,Atlanta,Hawks,ATL,0,0,,,,,,0,0,,,,,
64,0021301192,79,2,46,1,8:01 PM,2:45,MISS Millsap 7' Running Jump Shot,,,,,4,200794,Paul Millsap,1610612737.0,Atlanta,Hawks,ATL,0,0,,,,,,0,0,,,,,
65,0021301192,80,4,0,1,8:01 PM,2:43,,,Haslem REBOUND (Off:0 Def:4),,,5,2617,Udonis Haslem,1610612748.0,Miami,Heat,MIA,0,0,,,,,,0,0,,,,,
66,0021301192,82,8,0,1,8:01 PM,2:35,,,SUB: Andersen FOR Haslem,,,5,2617,Udonis Haslem,1610612748.0,Miami,Heat,MIA,5,2365,Chris Andersen,1610612748.0,Miami,Heat,MIA,0,0,,,,,
67,0021301192,83,8,0,1,8:01 PM,2:35,SUB: Brand FOR Millsap,,,,,4,200794,Paul Millsap,1610612737.0,Atlanta,Hawks,ATL,4,1882,Elton Brand,1610612737.0,Atlanta,Hawks,ATL,0,0,,,,,
68,0021301192,84,5,1,1,8:01 PM,2:15,Scott STEAL (1 STL),,Andersen Bad Pass Turnover (P1.T6),,,5,2365,Chris Andersen,1610612748.0,Miami,Heat,MIA,4,203118,Mike Scott,1610612737.0,Atlanta,Hawks,ATL,0,0,,,,,
69,0021301192,85,1,42,1,8:02 PM,2:01,Teague 1' Driving Layup (9 PTS),,,16 - 24,8,4,201952,Jeff Teague,1610612737.0,Atlanta,Hawks,ATL,0,0,,,,,,0,0,,,,,
70,0021301192,86,6,2,1,8:02 PM,2:01,,,Cole S.FOUL (P2.PN),,,5,202708,Norris Cole,1610612748.0,Miami,Heat,MIA,4,201952,Jeff Teague,1610612737.0,Atlanta,Hawks,ATL,1,0,,,,,
71,0021301192,87,3,10,1,8:02 PM,2:01,MISS Teague Free Throw 1 of 1,,,,,4,201952,Jeff Teague,1610612737.0,Atlanta,Hawks,ATL,0,0,,,,,,0,0,,,,,
72,0021301192,89,4,0,1,8:02 PM,1:58,,,Heat Rebound,,,3,1610612748,,,,,,0,0,,,,,,0,0,,,,,
73,0021301192,90,8,0,1,8:02 PM,1:58,SUB: Mack FOR Teague,,,,,4,201952,Jeff Teague,1610612737.0,Atlanta,Hawks,ATL,4,202714,Shelvin Mack,1610612737.0,Atlanta,Hawks,ATL,0,0,,,,,
74,0021301192,91,6,27,1,8:03 PM,1:50,Brand Personal Block Foul (P1.T3),,,,,4,1882,Elton Brand,1610612737.0,Atlanta,Hawks,ATL,5,2544,LeBron James,1610612748.0,Miami,Heat,MIA,1,0,,,,,
75,0021301192,92,6,2,1,8:03 PM,1:40,Scott S.FOUL (P1.PN),,,,,4,203118,Mike Scott,1610612737.0,Atlanta,Hawks,ATL,5,2544,LeBron James,1610612748.0,Miami,Heat,MIA,1,0,,,,,
76,0021301192,93,3,11,1,8:03 PM,1:40,,,James Free Throw 1 of 2 (3 PTS),17 - 24,7,5,2544,LeBron James,1610612748.0,Miami,Heat,MIA,0,0,,,,,,0,0,,,,,
77,0021301192,95,3,12,1,8:03 PM,1:40,,,James Free Throw 2 of 2 (4 PTS),18 - 24,6,5,2544,LeBron James,1610612748.0,Miami,Heat,MIA,0,0,,,,,,0,0,,,,,
78,0021301192,97,2,46,1,8:04 PM,1:22,MISS Williams 6' Running Jump Shot,,Andersen BLOCK (1 BLK),,,4,101150,Lou Williams,1610612737.0,Atlanta,Hawks,ATL,0,0,,,,,,5,2365,Chris Andersen,1610612748.0,Miami,Heat,MIA
79,0021301192,98,4,0,1,8:04 PM,1:20,,,Lewis REBOUND (Off:0 Def:1),,,5,1740,Rashard Lewis,1610612748.0,Miami,Heat,MIA,0,0,,,,,,0,0,,,,,
80,0021301192,99,2,77,1,8:04 PM,1:15,Brand BLOCK (1 BLK),,MISS James 3' Driving Jump Shot,,,5,2544,LeBron James,1610612748.0,Miami,Heat,MIA,0,0,,,,,,4,1882,Elton Brand,1610612737.0,Atlanta,Hawks,ATL
81,0021301192,100,4,0,1,8:04 PM,1:13,Scott REBOUND (Off:0 Def:2),,,,,4,203118,Mike Scott,1610612737.0,Atlanta,Hawks,ATL,0,0,,,,,,0,0,,,,,
82,0021301192,101,1,50,1,8:04 PM,1:10,Williams  Running Dunk (2 PTS) (Scott 1 AST),,,18 - 26,8,4,101150,Lou Williams,1610612737.0,Atlanta,Hawks,ATL,4,203118,Mike Scott,1610612737.0,Atlanta,Hawks,ATL,0,0,,,,,
83,0021301192,102,1,1,1,8:04 PM,0:56,,,James 24' 3PT Jump Shot (7 PTS) (Cole 2 AST),21 - 26,5,5,2544,LeBron James,1610612748.0,Miami,Heat,MIA,5,202708,Norris Cole,1610612748.0,Miami,Heat,MIA,0,0,,,,,
84,0021301192,104,1,1,1,8:05 PM,0:35,Carroll 17' Jump Shot (9 PTS),,,21 - 28,7,4,201960,DeMarre Carroll,1610612737.0,Atlanta,Hawks,ATL,0,0,,,,,,0,0,,,,,
85,0021301192,105,1,77,1,8:05 PM,0:29,,,James 9' Driving Jump Shot (9 PTS),23 - 28,5,5,2544,LeBron James,1610612748.0,Miami,Heat,MIA,0,0,,,,,,0,0,,,,,
86,0021301192,108,2,1,1,8:06 PM,0:02,MISS Brand 16' Jump Shot,,,,,4,1882,Elton Brand,1610612737.0,Atlanta,Hawks,ATL,0,0,,,,,,0,0,,,,,
87,0021301192,109,4,0,1,8:06 PM,0:01,,,James REBOUND (Off:0 Def:2),,,5,2544,LeBron James,1610612748.0,Miami,Heat,MIA,0,0,,,,,,0,0,,,,,
88,0021301192,110,2,1,1,8:06 PM,0:00,,,MISS James 36' 3PT Jump Shot,,,5,2544,LeBron James,1610612748.0,Miami,Heat,MIA,0,0,,,,,,0,0,,,,,
89,0021301192,111,4,0,1,8:06 PM,0:00,,,Heat Rebound,,,3,1610612748,,,,,,0,0,,,,,,0,0,,,,,
90,0021301192,112,13,0,1,8:06 PM,0:00,,,,23 - 28,5,0,0,,,,,,0,0,,,,,,0,0,,,,,
91,0021301192,114,12,0,2,8:09 PM,12:00,,,,23 - 28,5,0,0,,,,,,0,0,,,,,,0,0,,,,,
92,0021301192,115,2,1,2,8:09 PM,11:45,,,MISS Lewis 25' 3PT Jump Shot,,,5,1740,Rashard Lewis,1610612748.0,Miami,Heat,MIA,0,0,,,,,,0,0,,,,,
93,0021301192,116,4,0,2,8:09 PM,11:44,Brand REBOUND (Off:0 Def:1),,,,,4,1882,Elton Brand,1610612737.0,Atlanta,Hawks,ATL,0,0,,,,,,0,0,,,,,
94,0021301192,117,2,1,2,8:09 PM,11:34,MISS Scott  3PT Jump Shot,,,,,4,203118,Mike Scott,1610612737.0,Atlanta,Hawks,ATL,0,0,,,,,,0,0,,,,,
95,0021301192,118,4,0,2,8:09 PM,11:31,Scott REBOUND (Off:1 Def:2),,,,,4,203118,Mike Scott,1610612737.0,Atlanta,Hawks,ATL,0,0,,,,,,0,0,,,,,
96,0021301192,119,1,1,2,8:09 PM,11:26,Scott 3' Jump Shot (4 PTS) (Brand 1 AST),,,23 - 30,7,4,203118,Mike Scott,1610612737.0,Atlanta,Hawks,ATL,4,1882,Elton Brand,1610612737.0,Atlanta,Hawks,ATL,0,0,,,,,
97,0021301192,121,6,2,2,8:10 PM,11:07,Scott S.FOUL (P2.T1),,,,,4,203118,Mike Scott,1610612737.0,Atlanta,Hawks,ATL,5,2548,Dwyane Wade,1610612748.0,Miami,Heat,MIA,1,0,,,,,
98,0021301192,122,3,11,2,8:10 PM,11:07,,,MISS Wade Free Throw 1 of 2,,,5,2548,Dwyane Wade,1610612748.0,Miami,Heat,MIA,0,0,,,,,,0,0,,,,,
99,0021301192,123,4,1,2,8:10 PM,11:07,,,Heat Rebound,,,3,1610612748,,,,,,0,0,,,,,,0,0,,,,,
100,0021301192,124,3,12,2,8:10 PM,11:07,,,Wade Free Throw 2 of 2 (8 PTS),24 - 30,6,5,2548,Dwyane Wade,1610612748.0,Miami,Heat,MIA,0,0,,,,,,0,0,,,,,
101,0021301192,126,5,1,2,8:11 PM,10:57,Mack Bad Pass Turnover (P1.T4),,,,,4,202714,Shelvin Mack,1610612737.0,Atlanta,Hawks,ATL,0,0,,,,,,0,0,,,,,
102,0021301192,127,5,1,2,8:11 PM,10:40,Mack STEAL (1 STL),,Wade Bad Pass Turnover (P1.T7),,,5,2548,Dwyane Wade,1610612748.0,Miami,Heat,MIA,4,202714,Shelvin Mack,1610612737.0,Atlanta,Hawks,ATL,0,0,,,,,
103,0021301192,128,2,41,2,8:11 PM,10:34,MISS Scott 1' Running Layup,,,,,4,203118,Mike Scott,1610612737.0,Atlanta,Hawks,ATL,0,0,,,,,,0,0,,,,,
104,0021301192,129,4,0,2,8:11 PM,10:32,Mack REBOUND (Off:1 Def:0),,,,,4,202714,Shelvin Mack,1610612737.0,Atlanta,Hawks,ATL,0,0,,,,,,0,0,,,,,
105,0021301192,130,2,72,2,8:11 PM,10:31,MISS Mack 2' Putback Layup,,,,,4,202714,Shelvin Mack,1610612737.0,Atlanta,Hawks,ATL,0,0,,,,,,0,0,,,,,
106,0021301192,131,4,0,2,8:11 PM,10:30,,,Lewis REBOUND (Off:0 Def:2),,,5,1740,Rashard Lewis,1610612748.0,Miami,Heat,MIA,0,0,,,,,,0,0,,,,,
107,0021301192,132,5,1,2,8:11 PM,10:28,,,Lewis Bad Pass Turnover (P1.T8),,,5,1740,Rashard Lewis,1610612748.0,Miami,Heat,MIA,0,0,,,,,,0,0,,,,,
108,0021301192,133,1,1,2,8:11 PM,10:22,Korver 25' 3PT Jump Shot (3 PTS) (Mack 1 AST),,,24 - 33,9,4,2594,Kyle Korver,1610612737.0,Atlanta,Hawks,ATL,4,202714,Shelvin Mack,1610612737.0,Atlanta,Hawks,ATL,0,0,,,,,
109,0021301192,134,1,47,2,8:12 PM,10:01,,,Wade 12' Turnaround Jump Shot (10 PTS),26 - 33,7,5,2548,Dwyane Wade,1610612748.0,Miami,Heat,MIA,0,0,,,,,,0,0,,,,,
110,0021301192,135,2,42,2,8:12 PM,9:43,MISS Mack 2' Driving Layup,,,,,4,202714,Shelvin Mack,1610612737.0,Atlanta,Hawks,ATL,0,0,,,,,,0,0,,,,,
111,0021301192,136,4,0,2,8:12 PM,9:42,,,Wade REBOUND (Off:0 Def:1),,,5,2548,Dwyane Wade,1610612748.0,Miami,Heat,MIA,0,0,,,,,,0,0,,,,,
112,0021301192,137,1,46,2,8:12 PM,9:38,,,Wade 5' Running Jump Shot (12 PTS),28 - 33,5,5,2548,Dwyane Wade,1610612748.0,Miami,Heat,MIA,0,0,,,,,,0,0,,,,,
113,0021301192,138,6,17,2,8:12 PM,9:19,,,Heat T.Foul (Def. 3 Sec Andersen ),,,5,2365,Chris Andersen,1610612748.0,Miami,Heat,MIA,0,0,,,,,,1,0,,,,,
114,0021301192,139,3,16,2,8:13 PM,9:19,Korver Free Throw Technical (4 PTS),,,28 - 34,6,4,2594,Kyle Korver,1610612737.0,Atlanta,Hawks,ATL,0,0,,,,,,0,0,,,,,
115,0021301192,142,5,11,2,8:13 PM,9:05,HAWKS Turnover: Shot Clock (T#5),,,,,2,1610612737,,,,,,0,0,,,,,,1,0,,,,,
116,0021301192,143,1,46,2,8:14 PM,8:49,,,Wade 12' Running Jump Shot (14 PTS),30 - 34,4,5,2548,Dwyane Wade,1610612748.0,Miami,Heat,MIA,0,0,,,,,,0,0,,,,,
117,0021301192,145,9,4,2,8:14 PM,8:37,,,,,,1,0,,,,,,0,0,,,,,,0,0,,,,,
118,0021301192,149,2,77,2,8:16 PM,8:29,MISS Williams 5' Driving Jump Shot,,,,,4,101150,Lou Williams,1610612737.0,Atlanta,Hawks,ATL,0,0,,,,,,0,0,,,,,
119,0021301192,150,4,0,2,8:16 PM,8:26,,,Andersen REBOUND (Off:0 Def:1),,,5,2365,Chris Andersen,1610612748.0,Miami,Heat,MIA,0,0,,,,,,0,0,,,,,
120,0021301192,151,1,46,2,8:17 PM,8:22,,,Wade 4' Running Jump Shot (16 PTS),32 - 34,2,5,2548,Dwyane Wade,1610612748.0,Miami,Heat,MIA,0,0,,,,,,0,0,,,,,
121,0021301192,152,1,1,2,8:17 PM,8:12,Williams 24' 3PT Jump Shot (5 PTS) (Mack 2 AST),,,32 - 37,5,4,101150,Lou Williams,1610612737.0,Atlanta,Hawks,ATL,4,202714,Shelvin Mack,1610612737.0,Atlanta,Hawks,ATL,0,0,,,,,
122,0021301192,153,1,1,2,8:17 PM,7:53,,,Allen  3PT Jump Shot (3 PTS) (Lewis 1 AST),35 - 37,2,5,951,Ray Allen,1610612748.0,Miami,Heat,MIA,5,1740,Rashard Lewis,1610612748.0,Miami,Heat,MIA,0,0,,,,,
123,0021301192,154,5,1,2,8:17 PM,7:41,Korver Bad Pass Turnover (P1.T6),,Wade STEAL (1 STL),,,4,2594,Kyle Korver,1610612737.0,Atlanta,Hawks,ATL,5,2548,Dwyane Wade,1610612748.0,Miami,Heat,MIA,0,0,,,,,
124,0021301192,155,6,1,2,8:17 PM,7:40,Korver P.FOUL (P1.T2),,,,,4,2594,Kyle Korver,1610612737.0,Atlanta,Hawks,ATL,5,2365,Chris Andersen,1610612748.0,Miami,Heat,MIA,1,0,,,,,
125,0021301192,156,8,0,2,8:17 PM,7:40,SUB: Millsap FOR Scott,,,,,4,203118,Mike Scott,1610612737.0,Atlanta,Hawks,ATL,4,200794,Paul Millsap,1610612737.0,Atlanta,Hawks,ATL,0,0,,,,,
126,0021301192,157,8,0,2,8:18 PM,7:40,SUB: Muscala FOR Brand,,,,,4,1882,Elton Brand,1610612737.0,Atlanta,Hawks,ATL,4,203488,Mike Muscala,1610612737.0,Atlanta,Hawks,ATL,0,0,,,,,
127,0021301192,158,8,0,2,8:18 PM,7:40,,,SUB: Bosh FOR Lewis,,,5,1740,Rashard Lewis,1610612748.0,Miami,Heat,MIA,5,2547,Chris Bosh,1610612748.0,Miami,Heat,MIA,0,0,,,,,
128,0021301192,161,6,1,2,8:18 PM,7:19,Millsap P.FOUL (P2.T3),,,,,4,200794,Paul Millsap,1610612737.0,Atlanta,Hawks,ATL,5,2547,Chris Bosh,1610612748.0,Miami,Heat,MIA,1,0,,,,,
129,0021301192,162,8,0,2,8:18 PM,7:19,,,SUB: Chalmers FOR Allen,,,5,951,Ray Allen,1610612748.0,Miami,Heat,MIA,5,201596,Mario Chalmers,1610612748.0,Miami,Heat,MIA,0,0,,,,,
130,0021301192,163,8,0,2,8:18 PM,7:19,,,SUB: Douglas FOR Cole,,,5,202708,Norris Cole,1610612748.0,Miami,Heat,MIA,5,201962,Toney Douglas,1610612748.0,Miami,Heat,MIA,0,0,,,,,
131,0021301192,164,1,7,2,8:19 PM,7:11,,,Andersen  Dunk (2 PTS) (Wade 1 AST),37 - 37,TIE,5,2365,Chris Andersen,1610612748.0,Miami,Heat,MIA,5,2548,Dwyane Wade,1610612748.0,Miami,Heat,MIA,0,0,,,,,
132,0021301192,166,1,1,2,8:19 PM,6:46,Millsap 26' 3PT Jump Shot (5 PTS) (Mack 3 AST),,,37 - 40,3,4,200794,Paul Millsap,1610612737.0,Atlanta,Hawks,ATL,4,202714,Shelvin Mack,1610612737.0,Atlanta,Hawks,ATL,0,0,,,,,
133,0021301192,167,9,1,2,8:19 PM,6:39,,,Heat Timeout: Regular (Reg.2 Short 0),,,3,1610612748,,,,,,0,0,,,,,,0,0,,,,,
134,0021301192,169,8,0,2,8:21 PM,6:39,SUB: Teague FOR Williams,,,,,4,101150,Lou Williams,1610612737.0,Atlanta,Hawks,ATL,4,201952,Jeff Teague,1610612737.0,Atlanta,Hawks,ATL,0,0,,,,,
135,0021301192,170,8,0,2,8:21 PM,6:39,SUB: Carroll FOR Mack,,,,,4,202714,Shelvin Mack,1610612737.0,Atlanta,Hawks,ATL,4,201960,DeMarre Carroll,1610612737.0,Atlanta,Hawks,ATL,0,0,,,,,
136,0021301192,171,8,0,2,8:22 PM,6:39,,,SUB: James FOR Wade,,,5,2548,Dwyane Wade,1610612748.0,Miami,Heat,MIA,5,2544,LeBron James,1610612748.0,Miami,Heat,MIA,0,0,,,,,
137,0021301192,172,1,1,2,8:22 PM,6:33,,,Bosh 19' Jump Shot (5 PTS) (Chalmers 2 AST),39 - 40,1,5,2547,Chris Bosh,1610612748.0,Miami,Heat,MIA,5,201596,Mario Chalmers,1610612748.0,Miami,Heat,MIA,0,0,,,,,
138,0021301192,173,2,77,2,8:22 PM,6:10,MISS Teague 5' Driving Jump Shot,,,,,4,201952,Jeff Teague,1610612737.0,Atlanta,Hawks,ATL,0,0,,,,,,0,0,,,,,
139,0021301192,174,4,0,2,8:22 PM,6:06,,,Douglas REBOUND (Off:0 Def:1),,,5,201962,Toney Douglas,1610612748.0,Miami,Heat,MIA,0,0,,,,,,0,0,,,,,
140,0021301192,175,1,41,2,8:23 PM,6:03,,,James 2' Running Layup (11 PTS) (Douglas 1 AST),41 - 40,-1,5,2544,LeBron James,1610612748.0,Miami,Heat,MIA,5,201962,Toney Douglas,1610612748.0,Miami,Heat,MIA,0,0,,,,,
141,0021301192,176,9,1,2,8:23 PM,6:01,HAWKS Timeout: Regular (Full 2 Short 0),,,,,2,1610612737,,,,,,0,0,,,,,,0,0,,,,,
142,0021301192,178,8,0,2,8:24 PM,6:01,SUB: Brand FOR Muscala,,,,,4,203488,Mike Muscala,1610612737.0,Atlanta,Hawks,ATL,4,1882,Elton Brand,1610612737.0,Atlanta,Hawks,ATL,0,0,,,,,
143,0021301192,180,6,2,2,8:25 PM,5:44,,,Douglas S.FOUL (P1.T1),,,5,201962,Toney Douglas,1610612748.0,Miami,Heat,MIA,4,201952,Jeff Teague,1610612737.0,Atlanta,Hawks,ATL,1,0,,,,,
144,0021301192,181,3,11,2,8:25 PM,5:44,Teague Free Throw 1 of 2 (10 PTS),,,41 - 41,TIE,4,201952,Jeff Teague,1610612737.0,Atlanta,Hawks,ATL,0,0,,,,,,0,0,,,,,
145,0021301192,183,3,12,2,8:26 PM,5:44,Teague Free Throw 2 of 2 (11 PTS),,,41 - 42,1,4,201952,Jeff Teague,1610612737.0,Atlanta,Hawks,ATL,0,0,,,,,,0,0,,,,,
146,0021301192,185,1,77,2,8:26 PM,5:31,,,Chalmers 4' Driving Jump Shot (2 PTS),43 - 42,-1,5,201596,Mario Chalmers,1610612748.0,Miami,Heat,MIA,0,0,,,,,,0,0,,,,,
147,0021301192,186,2,1,2,8:26 PM,5:23,MISS Teague 25' 3PT Jump Shot,,,,,4,201952,Jeff Teague,1610612737.0,Atlanta,Hawks,ATL,0,0,,,,,,0,0,,,,,
148,0021301192,187,4,0,2,8:26 PM,5:21,Carroll REBOUND (Off:1 Def:2),,,,,4,201960,DeMarre Carroll,1610612737.0,Atlanta,Hawks,ATL,0,0,,,,,,0,0,,,,,
149,0021301192,188,2,72,2,8:26 PM,5:19,MISS Carroll 1' Putback Layup,,,,,4,201960,DeMarre Carroll,1610612737.0,Atlanta,Hawks,ATL,0,0,,,,,,0,0,,,,,
150,0021301192,189,4,0,2,8:26 PM,5:18,,,Andersen REBOUND (Off:0 Def:2),,,5,2365,Chris Andersen,1610612748.0,Miami,Heat,MIA,0,0,,,,,,0,0,,,,,
151,0021301192,190,5,1,2,8:26 PM,5:10,Brand STEAL (1 STL),,James Bad Pass Turnover (P1.T9),,,5,2544,LeBron James,1610612748.0,Miami,Heat,MIA,4,1882,Elton Brand,1610612737.0,Atlanta,Hawks,ATL,0,0,,,,,
152,0021301192,191,2,1,2,8:26 PM,5:05,MISS Korver 25' 3PT Jump Shot,,,,,4,2594,Kyle Korver,1610612737.0,Atlanta,Hawks,ATL,0,0,,,,,,0,0,,,,,
153,0021301192,192,4,0,2,8:26 PM,5:03,,,Douglas REBOUND (Off:0 Def:2),,,5,201962,Toney Douglas,1610612748.0,Miami,Heat,MIA,0,0,,,,,,0,0,,,,,
154,0021301192,193,1,77,2,8:27 PM,4:45,,,Chalmers 6' Driving Jump Shot (4 PTS),45 - 42,-3,5,201596,Mario Chalmers,1610612748.0,Miami,Heat,MIA,0,0,,,,,,0,0,,,,,
155,0021301192,195,5,2,2,8:27 PM,4:28,Korver Lost Ball Turnover (P2.T7),,Chalmers STEAL (1 STL),,,4,2594,Kyle Korver,1610612737.0,Atlanta,Hawks,ATL,5,201596,Mario Chalmers,1610612748.0,Miami,Heat,MIA,0,0,,,,,
156,0021301192,196,1,41,2,8:27 PM,4:23,,,Chalmers  Running Layup (6 PTS) (James 3 AST),47 - 42,-5,5,201596,Mario Chalmers,1610612748.0,Miami,Heat,MIA,5,2544,LeBron James,1610612748.0,Miami,Heat,MIA,0,0,,,,,
157,0021301192,197,9,2,2,8:27 PM,4:22,HAWKS Timeout: Short (Full 2 Short 1),,,,,2,1610612737,,,,,,0,0,,,,,,0,0,,,,,
158,0021301192,198,8,0,2,8:28 PM,4:22,SUB: Scott FOR Brand,,,,,4,1882,Elton Brand,1610612737.0,Atlanta,Hawks,ATL,4,203118,Mike Scott,1610612737.0,Atlanta,Hawks,ATL,0,0,,,,,
159,0021301192,199,8,0,2,8:28 PM,4:22,,,SUB: Haslem FOR Andersen,,,5,2365,Chris Andersen,1610612748.0,Miami,Heat,MIA,5,2617,Udonis Haslem,1610612748.0,Miami,Heat,MIA,0,0,,,,,
160,0021301192,201,2,1,2,8:29 PM,3:59,MISS Scott 14' Jump Shot,,,,,4,203118,Mike Scott,1610612737.0,Atlanta,Hawks,ATL,0,0,,,,,,0,0,,,,,
161,0021301192,202,4,0,2,8:29 PM,3:57,,,James REBOUND (Off:0 Def:3),,,5,2544,LeBron James,1610612748.0,Miami,Heat,MIA,0,0,,,,,,0,0,,,,,
162,0021301192,203,6,1,2,8:29 PM,3:48,Korver P.FOUL (P2.T4),,,,,4,2594,Kyle Korver,1610612737.0,Atlanta,Hawks,ATL,5,201596,Mario Chalmers,1610612748.0,Miami,Heat,MIA,1,0,,,,,
163,0021301192,204,8,0,2,8:29 PM,3:48,SUB: Mack FOR Korver,,,,,4,2594,Kyle Korver,1610612737.0,Atlanta,Hawks,ATL,4,202714,Shelvin Mack,1610612737.0,Atlanta,Hawks,ATL,0,0,,,,,
164,0021301192,205,2,1,2,8:29 PM,3:33,,,MISS Douglas 7' Jump Shot,,,5,201962,Toney Douglas,1610612748.0,Miami,Heat,MIA,0,0,,,,,,0,0,,,,,
165,0021301192,206,4,0,2,8:29 PM,3:31,Teague REBOUND (Off:0 Def:2),,,,,4,201952,Jeff Teague,1610612737.0,Atlanta,Hawks,ATL,0,0,,,,,,0,0,,,,,
166,0021301192,207,5,40,2,8:30 PM,3:27,Carroll Out of Bounds Lost Ball Turnover (P3.T8),,,,,4,201960,DeMarre Carroll,1610612737.0,Atlanta,Hawks,ATL,0,0,,,,,,0,0,,,,,
167,0021301192,209,1,86,2,8:30 PM,3:10,,,James 16' Turnaround Fadeaway (13 PTS),49 - 42,-7,5,2544,LeBron James,1610612748.0,Miami,Heat,MIA,0,0,,,,,,0,0,,,,,
168,0021301192,210,1,63,2,8:31 PM,2:44,Millsap 21' Fadeaway Jumper (7 PTS) (Mack 4 AST),,,49 - 44,-5,4,200794,Paul Millsap,1610612737.0,Atlanta,Hawks,ATL,4,202714,Shelvin Mack,1610612737.0,Atlanta,Hawks,ATL,0,0,,,,,
169,0021301192,211,2,1,2,8:31 PM,2:16,,,MISS Chalmers 25' 3PT Jump Shot,,,5,201596,Mario Chalmers,1610612748.0,Miami,Heat,MIA,0,0,,,,,,0,0,,,,,
170,0021301192,212,4,0,2,8:31 PM,2:13,Carroll REBOUND (Off:1 Def:3),,,,,4,201960,DeMarre Carroll,1610612737.0,Atlanta,Hawks,ATL,0,0,,,,,,0,0,,,,,
171,0021301192,213,6,1,2,8:31 PM,2:13,,,Haslem P.FOUL (P2.T2),,,5,2617,Udonis Haslem,1610612748.0,Miami,Heat,MIA,4,201960,DeMarre Carroll,1610612737.0,Atlanta,Hawks,ATL,1,0,,,,,
172,0021301192,214,2,1,2,8:32 PM,1:57,MISS Mack 19' Jump Shot,,,,,4,202714,Shelvin Mack,1610612737.0,Atlanta,Hawks,ATL,0,0,,,,,,0,0,,,,,
173,0021301192,215,4,0,2,8:32 PM,1:56,,,Haslem REBOUND (Off:0 Def:5),,,5,2617,Udonis Haslem,1610612748.0,Miami,Heat,MIA,0,0,,,,,,0,0,,,,,
174,0021301192,216,2,1,2,8:32 PM,1:45,,,MISS James  3PT Jump Shot,,,5,2544,LeBron James,1610612748.0,Miami,Heat,MIA,0,0,,,,,,0,0,,,,,
175,0021301192,217,4,0,2,8:32 PM,1:45,HAWKS Rebound,,,,,2,1610612737,,,,,,0,0,,,,,,0,0,,,,,
176,0021301192,218,6,3,2,8:32 PM,1:45,,,Haslem L.B.FOUL (P3.T3),,,5,2617,Udonis Haslem,1610612748.0,Miami,Heat,MIA,4,201960,DeMarre Carroll,1610612737.0,Atlanta,Hawks,ATL,1,0,,,,,
177,0021301192,219,8,0,2,8:32 PM,1:45,,,SUB: Lewis FOR Haslem,,,5,2617,Udonis Haslem,1610612748.0,Miami,Heat,MIA,5,1740,Rashard Lewis,1610612748.0,Miami,Heat,MIA,0,0,,,,,
178,0021301192,221,1,5,2,8:33 PM,1:33,Scott 2' Layup (6 PTS) (Millsap 3 AST),,,49 - 46,-3,4,203118,Mike Scott,1610612737.0,Atlanta,Hawks,ATL,4,200794,Paul Millsap,1610612737.0,Atlanta,Hawks,ATL,0,0,,,,,
179,0021301192,222,2,1,2,8:33 PM,1:13,,,MISS Lewis 24' 3PT Jump Shot,,,5,1740,Rashard Lewis,1610612748.0,Miami,Heat,MIA,0,0,,,,,,0,0,,,,,
180,0021301192,223,4,0,2,8:33 PM,1:12,Carroll REBOUND (Off:1 Def:4),,,,,4,201960,DeMarre Carroll,1610612737.0,Atlanta,Hawks,ATL,0,0,,,,,,0,0,,,,,
181,0021301192,224,1,41,2,8:33 PM,1:09,Teague 2' Running Layup (13 PTS),,,49 - 48,-1,4,201952,Jeff Teague,1610612737.0,Atlanta,Hawks,ATL,0,0,,,,,,0,0,,,,,
182,0021301192,225,6,2,2,8:33 PM,1:09,,,Chalmers S.FOUL (P2.PN),,,5,201596,Mario Chalmers,1610612748.0,Miami,Heat,MIA,4,201952,Jeff Teague,1610612737.0,Atlanta,Hawks,ATL,1,0,,,,,
183,0021301192,226,8,0,2,8:33 PM,1:09,,,SUB: Allen FOR Chalmers,,,5,201596,Mario Chalmers,1610612748.0,Miami,Heat,MIA,5,951,Ray Allen,1610612748.0,Miami,Heat,MIA,0,0,,,,,
184,0021301192,227,8,0,2,8:33 PM,1:09,,,SUB: Cole FOR Douglas,,,5,201962,Toney Douglas,1610612748.0,Miami,Heat,MIA,5,202708,Norris Cole,1610612748.0,Miami,Heat,MIA,0,0,,,,,
185,0021301192,228,8,0,2,8:34 PM,1:09,SUB: Brand FOR Millsap,,,,,4,200794,Paul Millsap,1610612737.0,Atlanta,Hawks,ATL,4,1882,Elton Brand,1610612737.0,Atlanta,Hawks,ATL,0,0,,,,,
186,0021301192,229,3,10,2,8:34 PM,1:09,Teague Free Throw 1 of 1 (14 PTS),,,49 - 49,TIE,4,201952,Jeff Teague,1610612737.0,Atlanta,Hawks,ATL,0,0,,,,,,0,0,,,,,
187,0021301192,231,6,2,2,8:34 PM,0:54,Carroll S.FOUL (P2.PN),,,,,4,201960,DeMarre Carroll,1610612737.0,Atlanta,Hawks,ATL,5,2544,LeBron James,1610612748.0,Miami,Heat,MIA,1,0,,,,,
188,0021301192,233,3,11,2,8:35 PM,0:54,,,MISS James Free Throw 1 of 2,,,5,2544,LeBron James,1610612748.0,Miami,Heat,MIA,0,0,,,,,,0,0,,,,,
189,0021301192,234,4,1,2,8:35 PM,0:54,,,Heat Rebound,,,3,1610612748,,,,,,0,0,,,,,,0,0,,,,,
190,0021301192,235,8,0,2,8:35 PM,0:54,,,SUB: Douglas FOR Cole,,,5,202708,Norris Cole,1610612748.0,Miami,Heat,MIA,5,201962,Toney Douglas,1610612748.0,Miami,Heat,MIA,0,0,,,,,
191,0021301192,236,3,12,2,8:35 PM,0:54,,,MISS James Free Throw 2 of 2,,,5,2544,LeBron James,1610612748.0,Miami,Heat,MIA,0,0,,,,,,0,0,,,,,
192,0021301192,238,4,0,2,8:35 PM,0:53,Mack REBOUND (Off:1 Def:1),,,,,4,202714,Shelvin Mack,1610612737.0,Atlanta,Hawks,ATL,0,0,,,,,,0,0,,,,,
193,0021301192,240,2,1,2,8:35 PM,0:35,MISS Scott 16' Jump Shot,,,,,4,203118,Mike Scott,1610612737.0,Atlanta,Hawks,ATL,0,0,,,,,,0,0,,,,,
194,0021301192,241,4,0,2,8:35 PM,0:34,,,Lewis REBOUND (Off:0 Def:3),,,5,1740,Rashard Lewis,1610612748.0,Miami,Heat,MIA,0,0,,,,,,0,0,,,,,
195,0021301192,243,2,1,2,8:35 PM,0:16,,,MISS James 24' 3PT Jump Shot,,,5,2544,LeBron James,1610612748.0,Miami,Heat,MIA,0,0,,,,,,0,0,,,,,
196,0021301192,244,4,0,2,8:36 PM,0:14,,,Lewis REBOUND (Off:1 Def:3),,,5,1740,Rashard Lewis,1610612748.0,Miami,Heat,MIA,0,0,,,,,,0,0,,,,,
197,0021301192,246,2,86,2,8:36 PM,0:00,,,MISS James 19' Turnaround Fadeaway Shot,,,5,2544,LeBron James,1610612748.0,Miami,Heat,MIA,0,0,,,,,,0,0,,,,,
198,0021301192,247,4,0,2,8:36 PM,0:00,Mack REBOUND (Off:1 Def:2),,,,,4,202714,Shelvin Mack,1610612737.0,Atlanta,Hawks,ATL,0,0,,,,,,0,0,,,,,
199,0021301192,248,13,0,2,8:36 PM,0:00,,,,49 - 49,TIE,0,0,,,,,,0,0,,,,,,0,0,,,,,
200,0021301192,250,12,0,3,8:52 PM,12:00,,,,49 - 49,TIE,0,0,,,,,,0,0,,,,,,0,0,,,,,
201,0021301192,251,6,4,3,8:53 PM,11:50,,,Wade OFF.Foul (P2),,,5,2548,Dwyane Wade,1610612748.0,Miami,Heat,MIA,4,2594,Kyle Korver,1610612737.0,Atlanta,Hawks,ATL,1,0,,,,,
202,0021301192,252,5,5,3,8:53 PM,11:50,,,Wade Foul Turnover (P2.T10),,,5,2548,Dwyane Wade,1610612748.0,Miami,Heat,MIA,0,0,,,,,,0,0,,,,,
203,0021301192,253,2,1,3,8:53 PM,11:34,MISS Brand 15' Jump Shot,,,,,4,1882,Elton Brand,1610612737.0,Atlanta,Hawks,ATL,0,0,,,,,,0,0,,,,,
204,0021301192,254,4,0,3,8:53 PM,11:33,,,Bosh REBOUND (Off:0 Def:1),,,5,2547,Chris Bosh,1610612748.0,Miami,Heat,MIA,0,0,,,,,,0,0,,,,,
205,0021301192,255,1,1,3,8:53 PM,11:22,,,Haslem 20' Jump Shot (6 PTS) (Chalmers 3 AST),51 - 49,-2,5,2617,Udonis Haslem,1610612748.0,Miami,Heat,MIA,5,201596,Mario Chalmers,1610612748.0,Miami,Heat,MIA,0,0,,,,,
206,0021301192,256,6,26,3,8:54 PM,11:06,Carroll Offensive Charge Foul (P3.T1),,,,,4,201960,DeMarre Carroll,1610612737.0,Atlanta,Hawks,ATL,5,2617,Udonis Haslem,1610612748.0,Miami,Heat,MIA,1,0,,,,,
207,0021301192,257,5,5,3,8:54 PM,11:06,Carroll Foul Turnover (P4.T9),,,,,4,201960,DeMarre Carroll,1610612737.0,Atlanta,Hawks,ATL,0,0,,,,,,1,0,,,,,
208,0021301192,258,2,1,3,8:54 PM,10:56,,,MISS Haslem 20' Jump Shot,,,5,2617,Udonis Haslem,1610612748.0,Miami,Heat,MIA,0,0,,,,,,0,0,,,,,
209,0021301192,259,4,0,3,8:54 PM,10:55,Korver REBOUND (Off:0 Def:1),,,,,4,2594,Kyle Korver,1610612737.0,Atlanta,Hawks,ATL,0,0,,,,,,0,0,,,,,
210,0021301192,260,2,1,3,8:54 PM,10:48,MISS Carroll  3PT Jump Shot,,,,,4,201960,DeMarre Carroll,1610612737.0,Atlanta,Hawks,ATL,0,0,,,,,,0,0,,,,,
211,0021301192,261,4,0,3,8:54 PM,10:46,,,Chalmers REBOUND (Off:0 Def:2),,,5,201596,Mario Chalmers,1610612748.0,Miami,Heat,MIA,0,0,,,,,,0,0,,,,,
212,0021301192,264,2,1,3,8:55 PM,10:31,,,MISS Wade 17' Jump Shot,,,5,2548,Dwyane Wade,1610612748.0,Miami,Heat,MIA,0,0,,,,,,0,0,,,,,
213,0021301192,265,4,0,3,8:55 PM,10:29,Korver REBOUND (Off:0 Def:2),,,,,4,2594,Kyle Korver,1610612737.0,Atlanta,Hawks,ATL,0,0,,,,,,0,0,,,,,
214,0021301192,267,2,1,3,8:55 PM,10:19,MISS Carroll 3' Jump Shot,,,,,4,201960,DeMarre Carroll,1610612737.0,Atlanta,Hawks,ATL,0,0,,,,,,0,0,,,,,
215,0021301192,268,4,0,3,8:55 PM,10:18,,,Bosh REBOUND (Off:0 Def:2),,,5,2547,Chris Bosh,1610612748.0,Miami,Heat,MIA,0,0,,,,,,0,0,,,,,
216,0021301192,269,2,1,3,8:56 PM,10:06,,,MISS Bosh  3PT Jump Shot,,,5,2547,Chris Bosh,1610612748.0,Miami,Heat,MIA,0,0,,,,,,0,0,,,,,
217,0021301192,270,4,0,3,8:56 PM,10:05,Millsap REBOUND (Off:0 Def:2),,,,,4,200794,Paul Millsap,1610612737.0,Atlanta,Hawks,ATL,0,0,,,,,,0,0,,,,,
218,0021301192,271,2,77,3,8:56 PM,9:42,MISS Millsap 5' Driving Jump Shot,,,,,4,200794,Paul Millsap,1610612737.0,Atlanta,Hawks,ATL,0,0,,,,,,0,0,,,,,
219,0021301192,272,4,0,3,8:56 PM,9:41,Brand REBOUND (Off:1 Def:1),,,,,4,1882,Elton Brand,1610612737.0,Atlanta,Hawks,ATL,0,0,,,,,,0,0,,,,,
220,0021301192,273,1,1,3,8:56 PM,9:33,Carroll 8' Jump Shot (11 PTS) (Brand 2 AST),,,51 - 51,TIE,4,201960,DeMarre Carroll,1610612737.0,Atlanta,Hawks,ATL,4,1882,Elton Brand,1610612737.0,Atlanta,Hawks,ATL,0,0,,,,,
221,0021301192,274,2,1,3,8:56 PM,9:19,,,MISS Bosh 25' 3PT Jump Shot,,,5,2547,Chris Bosh,1610612748.0,Miami,Heat,MIA,0,0,,,,,,0,0,,,,,
222,0021301192,275,4,0,3,8:56 PM,9:17,Teague REBOUND (Off:0 Def:3),,,,,4,201952,Jeff Teague,1610612737.0,Atlanta,Hawks,ATL,0,0,,,,,,0,0,,,,,
223,0021301192,276,1,1,3,8:56 PM,9:12,Teague 12' Jump Shot (16 PTS),,,51 - 53,2,4,201952,Jeff Teague,1610612737.0,Atlanta,Hawks,ATL,0,0,,,,,,0,0,,,,,
224,0021301192,277,6,2,3,8:57 PM,8:55,Korver S.FOUL (P3.T2),,,,,4,2594,Kyle Korver,1610612737.0,Atlanta,Hawks,ATL,5,2548,Dwyane Wade,1610612748.0,Miami,Heat,MIA,1,0,,,,,
225,0021301192,278,3,11,3,8:57 PM,8:55,,,MISS Wade Free Throw 1 of 2,,,5,2548,Dwyane Wade,1610612748.0,Miami,Heat,MIA,0,0,,,,,,0,0,,,,,
226,0021301192,279,4,1,3,8:57 PM,8:55,,,Heat Rebound,,,3,1610612748,,,,,,0,0,,,,,,0,0,,,,,
227,0021301192,280,3,12,3,8:57 PM,8:55,,,Wade Free Throw 2 of 2 (17 PTS),52 - 53,1,5,2548,Dwyane Wade,1610612748.0,Miami,Heat,MIA,0,0,,,,,,0,0,,,,,
228,0021301192,282,1,77,3,8:58 PM,8:43,Millsap 8' Driving Jump Shot (9 PTS) (Teague 2 AST),,,52 - 55,3,4,200794,Paul Millsap,1610612737.0,Atlanta,Hawks,ATL,4,201952,Jeff Teague,1610612737.0,Atlanta,Hawks,ATL,0,0,,,,,
229,0021301192,283,2,1,3,8:58 PM,8:19,,,MISS Wade 24' 3PT Jump Shot,,,5,2548,Dwyane Wade,1610612748.0,Miami,Heat,MIA,0,0,,,,,,0,0,,,,,
230,0021301192,284,4,0,3,8:58 PM,8:17,,,Wade REBOUND (Off:1 Def:1),,,5,2548,Dwyane Wade,1610612748.0,Miami,Heat,MIA,0,0,,,,,,0,0,,,,,
231,0021301192,285,5,2,3,8:58 PM,8:11,Teague STEAL (4 STL),,Bosh Lost Ball Turnover (P2.T11),,,5,2547,Chris Bosh,1610612748.0,Miami,Heat,MIA,4,201952,Jeff Teague,1610612737.0,Atlanta,Hawks,ATL,0,0,,,,,
232,0021301192,286,6,1,3,8:58 PM,8:10,,,Chalmers P.FOUL (P3.T1),,,5,201596,Mario Chalmers,1610612748.0,Miami,Heat,MIA,4,201952,Jeff Teague,1610612737.0,Atlanta,Hawks,ATL,1,0,,,,,
233,0021301192,287,2,1,3,8:59 PM,7:58,MISS Korver 19' Jump Shot,,,,,4,2594,Kyle Korver,1610612737.0,Atlanta,Hawks,ATL,0,0,,,,,,0,0,,,,,
234,0021301192,288,4,0,3,8:59 PM,7:57,,,Haslem REBOUND (Off:0 Def:6),,,5,2617,Udonis Haslem,1610612748.0,Miami,Heat,MIA,0,0,,,,,,0,0,,,,,
235,0021301192,289,2,1,3,8:59 PM,7:45,,,MISS James 22' Jump Shot,,,5,2544,LeBron James,1610612748.0,Miami,Heat,MIA,0,0,,,,,,0,0,,,,,
236,0021301192,290,4,0,3,8:59 PM,7:44,Korver REBOUND (Off:0 Def:3),,,,,4,2594,Kyle Korver,1610612737.0,Atlanta,Hawks,ATL,0,0,,,,,,0,0,,,,,
237,0021301192,291,1,1,3,8:59 PM,7:26,Carroll 26' 3PT Jump Shot (14 PTS) (Millsap 4 AST),,,52 - 58,6,4,201960,DeMarre Carroll,1610612737.0,Atlanta,Hawks,ATL,4,200794,Paul Millsap,1610612737.0,Atlanta,Hawks,ATL,0,0,,,,,
238,0021301192,292,9,1,3,8:59 PM,7:23,,,Heat Timeout: Regular (Reg.3 Short 0),,,3,1610612748,,,,,,0,0,,,,,,0,0,,,,,
239,0021301192,294,6,27,3,9:02 PM,7:15,Brand Personal Block Foul (P2.T3),,,,,4,1882,Elton Brand,1610612737.0,Atlanta,Hawks,ATL,5,201596,Mario Chalmers,1610612748.0,Miami,Heat,MIA,1,0,,,,,
240,0021301192,295,2,63,3,9:03 PM,7:00,,,MISS Chalmers 12' Fadeaway Jumper,,,5,201596,Mario Chalmers,1610612748.0,Miami,Heat,MIA,0,0,,,,,,0,0,,,,,
241,0021301192,296,4,0,3,9:03 PM,6:57,Teague REBOUND (Off:0 Def:4),,,,,4,201952,Jeff Teague,1610612737.0,Atlanta,Hawks,ATL,0,0,,,,,,0,0,,,,,
242,0021301192,297,2,5,3,9:03 PM,6:50,MISS Carroll 2' Layup,,,,,4,201960,DeMarre Carroll,1610612737.0,Atlanta,Hawks,ATL,0,0,,,,,,0,0,,,,,
243,0021301192,298,4,0,3,9:03 PM,6:50,HAWKS Rebound,,,,,2,1610612737,,,,,,0,0,,,,,,0,0,,,,,
244,0021301192,299,5,1,3,9:03 PM,6:42,Millsap Bad Pass Turnover (P1.T10),,,,,4,200794,Paul Millsap,1610612737.0,Atlanta,Hawks,ATL,0,0,,,,,,0,0,,,,,
245,0021301192,300,1,42,3,9:04 PM,6:32,,,Chalmers 1' Driving Layup (8 PTS),54 - 58,4,5,201596,Mario Chalmers,1610612748.0,Miami,Heat,MIA,0,0,,,,,,0,0,,,,,
246,0021301192,301,1,77,3,9:04 PM,6:06,Teague 6' Driving Jump Shot (18 PTS),,,54 - 60,6,4,201952,Jeff Teague,1610612737.0,Atlanta,Hawks,ATL,0,0,,,,,,0,0,,,,,
247,0021301192,302,2,1,3,9:05 PM,5:49,,,MISS Chalmers 25' 3PT Jump Shot,,,5,201596,Mario Chalmers,1610612748.0,Miami,Heat,MIA,0,0,,,,,,0,0,,,,,
248,0021301192,303,4,0,3,9:05 PM,5:47,Brand REBOUND (Off:1 Def:2),,,,,4,1882,Elton Brand,1610612737.0,Atlanta,Hawks,ATL,0,0,,,,,,0,0,,,,,
249,0021301192,304,2,41,3,9:05 PM,5:42,MISS Teague 2' Running Layup,,,,,4,201952,Jeff Teague,1610612737.0,Atlanta,Hawks,ATL,0,0,,,,,,0,0,,,,,
250,0021301192,305,4,0,3,9:05 PM,5:40,,,Haslem REBOUND (Off:0 Def:7),,,5,2617,Udonis Haslem,1610612748.0,Miami,Heat,MIA,0,0,,,,,,0,0,,,,,
251,0021301192,306,6,1,3,9:05 PM,5:27,Teague P.FOUL (P1.T4),,,,,4,201952,Jeff Teague,1610612737.0,Atlanta,Hawks,ATL,5,2617,Udonis Haslem,1610612748.0,Miami,Heat,MIA,1,0,,,,,
252,0021301192,307,8,0,3,9:05 PM,5:27,SUB: Scott FOR Brand,,,,,4,1882,Elton Brand,1610612737.0,Atlanta,Hawks,ATL,4,203118,Mike Scott,1610612737.0,Atlanta,Hawks,ATL,0,0,,,,,
253,0021301192,308,8,0,3,9:05 PM,5:27,SUB: Mack FOR Korver,,,,,4,2594,Kyle Korver,1610612737.0,Atlanta,Hawks,ATL,4,202714,Shelvin Mack,1610612737.0,Atlanta,Hawks,ATL,0,0,,,,,
254,0021301192,309,8,0,3,9:05 PM,5:27,,,SUB: Cole FOR Wade,,,5,2548,Dwyane Wade,1610612748.0,Miami,Heat,MIA,5,202708,Norris Cole,1610612748.0,Miami,Heat,MIA,0,0,,,,,
255,0021301192,310,1,5,3,9:06 PM,5:12,,,Bosh 2' Layup (7 PTS) (James 4 AST),56 - 60,4,5,2547,Chris Bosh,1610612748.0,Miami,Heat,MIA,5,2544,LeBron James,1610612748.0,Miami,Heat,MIA,0,0,,,,,
256,0021301192,311,2,1,3,9:06 PM,4:46,MISS Scott 20' Jump Shot,,,,,4,203118,Mike Scott,1610612737.0,Atlanta,Hawks,ATL,0,0,,,,,,0,0,,,,,
257,0021301192,312,4,0,3,9:06 PM,4:45,,,Bosh REBOUND (Off:0 Def:3),,,5,2547,Chris Bosh,1610612748.0,Miami,Heat,MIA,0,0,,,,,,0,0,,,,,
258,0021301192,313,2,1,3,9:06 PM,4:36,,,MISS Chalmers 26' 3PT Jump Shot,,,5,201596,Mario Chalmers,1610612748.0,Miami,Heat,MIA,0,0,,,,,,0,0,,,,,
259,0021301192,314,4,0,3,9:06 PM,4:35,Mack REBOUND (Off:1 Def:3),,,,,4,202714,Shelvin Mack,1610612737.0,Atlanta,Hawks,ATL,0,0,,,,,,0,0,,,,,
260,0021301192,315,1,41,3,9:06 PM,4:28,Teague 1' Running Layup (20 PTS) (Carroll 3 AST),,,56 - 62,6,4,201952,Jeff Teague,1610612737.0,Atlanta,Hawks,ATL,4,201960,DeMarre Carroll,1610612737.0,Atlanta,Hawks,ATL,0,0,,,,,
261,0021301192,316,5,1,3,9:07 PM,4:13,Millsap STEAL (1 STL),,Chalmers Bad Pass Turnover (P3.T12),,,5,201596,Mario Chalmers,1610612748.0,Miami,Heat,MIA,4,200794,Paul Millsap,1610612737.0,Atlanta,Hawks,ATL,0,0,,,,,
262,0021301192,317,2,1,3,9:07 PM,4:06,MISS Mack 24' 3PT Jump Shot,,,,,4,202714,Shelvin Mack,1610612737.0,Atlanta,Hawks,ATL,0,0,,,,,,0,0,,,,,
263,0021301192,318,4,0,3,9:07 PM,4:05,,,Bosh REBOUND (Off:0 Def:4),,,5,2547,Chris Bosh,1610612748.0,Miami,Heat,MIA,0,0,,,,,,0,0,,,,,
264,0021301192,320,1,42,3,9:07 PM,3:49,,,Bosh 1' Driving Layup (9 PTS) (Chalmers 4 AST),58 - 62,4,5,2547,Chris Bosh,1610612748.0,Miami,Heat,MIA,5,201596,Mario Chalmers,1610612748.0,Miami,Heat,MIA,0,0,,,,,
265,0021301192,322,6,1,3,9:07 PM,3:33,,,James P.FOUL (P1.T2),,,5,2544,LeBron James,1610612748.0,Miami,Heat,MIA,4,201960,DeMarre Carroll,1610612737.0,Atlanta,Hawks,ATL,1,0,,,,,
266,0021301192,323,8,0,3,9:08 PM,3:33,,,SUB: Lewis FOR Haslem,,,5,2617,Udonis Haslem,1610612748.0,Miami,Heat,MIA,5,1740,Rashard Lewis,1610612748.0,Miami,Heat,MIA,0,0,,,,,
267,0021301192,324,8,0,3,9:08 PM,3:33,,,SUB: Andersen FOR Bosh,,,5,2547,Chris Bosh,1610612748.0,Miami,Heat,MIA,5,2365,Chris Andersen,1610612748.0,Miami,Heat,MIA,0,0,,,,,
268,0021301192,325,8,0,3,9:08 PM,3:33,,,SUB: Allen FOR Chalmers,,,5,201596,Mario Chalmers,1610612748.0,Miami,Heat,MIA,5,951,Ray Allen,1610612748.0,Miami,Heat,MIA,0,0,,,,,
269,0021301192,326,9,1,3,9:08 PM,3:33,HAWKS Timeout: Regular (Full 3 Short 1),,,,,2,1610612737,,,,,,0,0,,,,,,0,0,,,,,
270,0021301192,329,2,1,3,9:11 PM,3:19,MISS Millsap 25' 3PT Jump Shot,,,,,4,200794,Paul Millsap,1610612737.0,Atlanta,Hawks,ATL,0,0,,,,,,0,0,,,,,
271,0021301192,330,4,0,3,9:11 PM,3:18,,,Andersen REBOUND (Off:0 Def:3),,,5,2365,Chris Andersen,1610612748.0,Miami,Heat,MIA,0,0,,,,,,0,0,,,,,
272,0021301192,331,2,1,3,9:11 PM,3:04,,,MISS Cole 20' Jump Shot,,,5,202708,Norris Cole,1610612748.0,Miami,Heat,MIA,0,0,,,,,,0,0,,,,,
273,0021301192,332,4,0,3,9:11 PM,3:03,Millsap REBOUND (Off:0 Def:3),,,,,4,200794,Paul Millsap,1610612737.0,Atlanta,Hawks,ATL,0,0,,,,,,0,0,,,,,
274,0021301192,333,2,1,3,9:11 PM,2:45,MISS Mack  3PT Jump Shot,,,,,4,202714,Shelvin Mack,1610612737.0,Atlanta,Hawks,ATL,0,0,,,,,,0,0,,,,,
275,0021301192,334,4,0,3,9:11 PM,2:43,Millsap REBOUND (Off:1 Def:3),,,,,4,200794,Paul Millsap,1610612737.0,Atlanta,Hawks,ATL,0,0,,,,,,0,0,,,,,
276,0021301192,335,1,1,3,9:12 PM,2:39,Carroll 25' 3PT Jump Shot (17 PTS) (Millsap 5 AST),,,58 - 65,7,4,201960,DeMarre Carroll,1610612737.0,Atlanta,Hawks,ATL,4,200794,Paul Millsap,1610612737.0,Atlanta,Hawks,ATL,0,0,,,,,
277,0021301192,336,1,63,3,9:12 PM,2:12,,,James 16' Fadeaway Jumper (15 PTS),60 - 65,5,5,2544,LeBron James,1610612748.0,Miami,Heat,MIA,0,0,,,,,,0,0,,,,,
278,0021301192,337,1,46,3,9:12 PM,2:06,Teague 4' Running Jump Shot (22 PTS),,,60 - 67,7,4,201952,Jeff Teague,1610612737.0,Atlanta,Hawks,ATL,0,0,,,,,,0,0,,,,,
279,0021301192,338,5,1,3,9:12 PM,1:45,,,James Bad Pass Turnover (P2.T13),,,5,2544,LeBron James,1610612748.0,Miami,Heat,MIA,0,0,,,,,,0,0,,,,,
280,0021301192,339,8,0,3,9:13 PM,1:45,SUB: Williams FOR Teague,,,,,4,201952,Jeff Teague,1610612737.0,Atlanta,Hawks,ATL,4,101150,Lou Williams,1610612737.0,Atlanta,Hawks,ATL,0,0,,,,,
281,0021301192,340,8,0,3,9:13 PM,1:45,SUB: Brand FOR Millsap,,,,,4,200794,Paul Millsap,1610612737.0,Atlanta,Hawks,ATL,4,1882,Elton Brand,1610612737.0,Atlanta,Hawks,ATL,0,0,,,,,
282,0021301192,341,1,5,3,9:13 PM,1:43,Scott 1' Layup (8 PTS) (Williams 1 AST),,,60 - 69,9,4,203118,Mike Scott,1610612737.0,Atlanta,Hawks,ATL,4,101150,Lou Williams,1610612737.0,Atlanta,Hawks,ATL,0,0,,,,,
283,0021301192,342,2,1,3,9:13 PM,1:24,,,MISS James 26' 3PT Jump Shot,,,5,2544,LeBron James,1610612748.0,Miami,Heat,MIA,0,0,,,,,,0,0,,,,,
284,0021301192,343,4,0,3,9:13 PM,1:23,Scott REBOUND (Off:1 Def:3),,,,,4,203118,Mike Scott,1610612737.0,Atlanta,Hawks,ATL,0,0,,,,,,0,0,,,,,
285,0021301192,344,6,4,3,9:13 PM,1:19,Carroll OFF.Foul (P4),,,,,4,201960,DeMarre Carroll,1610612737.0,Atlanta,Hawks,ATL,5,951,Ray Allen,1610612748.0,Miami,Heat,MIA,1,0,,,,,
286,0021301192,345,5,5,3,9:13 PM,1:19,Carroll Foul Turnover (P5.T11),,,,,4,201960,DeMarre Carroll,1610612737.0,Atlanta,Hawks,ATL,0,0,,,,,,1,0,,,,,
287,0021301192,346,8,0,3,9:14 PM,1:19,SUB: Martin FOR Carroll,,,,,4,201960,DeMarre Carroll,1610612737.0,Atlanta,Hawks,ATL,4,201858,Cartier Martin,1610612737.0,Atlanta,Hawks,ATL,0,0,,,,,
288,0021301192,347,1,77,3,9:14 PM,1:09,,,James 5' Driving Jump Shot (17 PTS),62 - 69,7,5,2544,LeBron James,1610612748.0,Miami,Heat,MIA,0,0,,,,,,0,0,,,,,
289,0021301192,348,2,1,3,9:14 PM,0:51,MISS Mack 25' 3PT Jump Shot,,,,,4,202714,Shelvin Mack,1610612737.0,Atlanta,Hawks,ATL,0,0,,,,,,0,0,,,,,
290,0021301192,349,4,0,3,9:14 PM,0:49,,,James REBOUND (Off:0 Def:4),,,5,2544,LeBron James,1610612748.0,Miami,Heat,MIA,0,0,,,,,,0,0,,,,,
291,0021301192,350,6,26,3,9:14 PM,0:42,,,James Offensive Charge Foul (P2.T3),,,5,2544,LeBron James,1610612748.0,Miami,Heat,MIA,4,201858,Cartier Martin,1610612737.0,Atlanta,Hawks,ATL,1,0,,,,,
292,0021301192,351,5,5,3,9:14 PM,0:42,,,James Foul Turnover (P3.T14),,,5,2544,LeBron James,1610612748.0,Miami,Heat,MIA,0,0,,,,,,1,0,,,,,
293,0021301192,352,2,5,3,9:15 PM,0:21,MISS Brand 2' Layup,,,,,4,1882,Elton Brand,1610612737.0,Atlanta,Hawks,ATL,0,0,,,,,,0,0,,,,,
294,0021301192,353,4,0,3,9:15 PM,0:20,,,Lewis REBOUND (Off:1 Def:4),,,5,1740,Rashard Lewis,1610612748.0,Miami,Heat,MIA,0,0,,,,,,0,0,,,,,
295,0021301192,354,2,77,3,9:15 PM,0:00,,,MISS James 5' Driving Jump Shot,,,5,2544,LeBron James,1610612748.0,Miami,Heat,MIA,0,0,,,,,,0,0,,,,,
296,0021301192,355,4,0,3,9:15 PM,0:00,,,Heat Rebound,,,3,1610612748,,,,,,0,0,,,,,,0,0,,,,,
297,0021301192,356,13,0,3,9:15 PM,0:00,,,,62 - 69,7,0,0,,,,,,0,0,,,,,,0,0,,,,,
298,0021301192,358,12,0,4,9:18 PM,12:00,,,,62 - 69,7,0,0,,,,,,0,0,,,,,,0,0,,,,,
299,0021301192,359,1,1,4,9:18 PM,11:46,Brand 15' Jump Shot (6 PTS) (Williams 2 AST),,,62 - 71,9,4,1882,Elton Brand,1610612737.0,Atlanta,Hawks,ATL,4,101150,Lou Williams,1610612737.0,Atlanta,Hawks,ATL,0,0,,,,,
300,0021301192,360,1,1,4,9:19 PM,11:29,,,Lewis 24' 3PT Jump Shot (3 PTS) (Allen 1 AST),65 - 71,6,5,1740,Rashard Lewis,1610612748.0,Miami,Heat,MIA,5,951,Ray Allen,1610612748.0,Miami,Heat,MIA,0,0,,,,,
301,0021301192,361,1,5,4,9:19 PM,11:07,Scott 2' Layup (10 PTS) (Williams 3 AST),,,65 - 73,8,4,203118,Mike Scott,1610612737.0,Atlanta,Hawks,ATL,4,101150,Lou Williams,1610612737.0,Atlanta,Hawks,ATL,0,0,,,,,
302,0021301192,362,2,47,4,9:19 PM,10:48,,,MISS Wade 10' Turnaround Jump Shot,,,5,2548,Dwyane Wade,1610612748.0,Miami,Heat,MIA,0,0,,,,,,0,0,,,,,
303,0021301192,363,4,0,4,9:19 PM,10:48,,,Heat Rebound,,,3,1610612748,,,,,,0,0,,,,,,0,0,,,,,
304,0021301192,364,6,3,4,9:20 PM,10:48,Brand L.B.FOUL (P3.T1),,,,,4,1882,Elton Brand,1610612737.0,Atlanta,Hawks,ATL,5,2365,Chris Andersen,1610612748.0,Miami,Heat,MIA,1,0,,,,,
305,0021301192,365,5,1,4,9:20 PM,10:40,Martin STEAL (1 STL),,Cole Bad Pass Turnover (P1.T15),,,5,202708,Norris Cole,1610612748.0,Miami,Heat,MIA,4,201858,Cartier Martin,1610612737.0,Atlanta,Hawks,ATL,0,0,,,,,
306,0021301192,366,1,46,4,9:20 PM,10:37,Williams 5' Running Jump Shot (7 PTS) (Martin 1 AST),,,65 - 75,10,4,101150,Lou Williams,1610612737.0,Atlanta,Hawks,ATL,4,201858,Cartier Martin,1610612737.0,Atlanta,Hawks,ATL,0,0,,,,,
307,0021301192,367,6,2,4,9:20 PM,10:37,,,Allen S.FOUL (P1.T1),,,5,951,Ray Allen,1610612748.0,Miami,Heat,MIA,4,101150,Lou Williams,1610612737.0,Atlanta,Hawks,ATL,1,0,,,,,
308,0021301192,368,3,10,4,9:20 PM,10:37,Williams Free Throw 1 of 1 (8 PTS),,,65 - 76,11,4,101150,Lou Williams,1610612737.0,Atlanta,Hawks,ATL,0,0,,,,,,0,0,,,,,
309,0021301192,371,2,1,4,9:21 PM,10:20,,,MISS Lewis 25' 3PT Jump Shot,,,5,1740,Rashard Lewis,1610612748.0,Miami,Heat,MIA,0,0,,,,,,0,0,,,,,
310,0021301192,372,4,0,4,9:21 PM,10:18,Martin REBOUND (Off:0 Def:1),,,,,4,201858,Cartier Martin,1610612737.0,Atlanta,Hawks,ATL,0,0,,,,,,0,0,,,,,
311,0021301192,373,6,4,4,9:21 PM,10:06,Scott OFF.Foul (P3),,,,,4,203118,Mike Scott,1610612737.0,Atlanta,Hawks,ATL,5,951,Ray Allen,1610612748.0,Miami,Heat,MIA,1,0,,,,,
312,0021301192,374,5,5,4,9:21 PM,10:06,Scott Foul Turnover (P1.T12),,,,,4,203118,Mike Scott,1610612737.0,Atlanta,Hawks,ATL,0,0,,,,,,1,0,,,,,
313,0021301192,375,1,47,4,9:21 PM,9:53,,,Wade 11' Turnaround Jump Shot (19 PTS),67 - 76,9,5,2548,Dwyane Wade,1610612748.0,Miami,Heat,MIA,0,0,,,,,,0,0,,,,,
314,0021301192,377,2,1,4,9:22 PM,9:36,MISS Brand 17' Jump Shot,,,,,4,1882,Elton Brand,1610612737.0,Atlanta,Hawks,ATL,0,0,,,,,,0,0,,,,,
315,0021301192,378,4,0,4,9:22 PM,9:35,,,Andersen REBOUND (Off:0 Def:4),,,5,2365,Chris Andersen,1610612748.0,Miami,Heat,MIA,0,0,,,,,,0,0,,,,,
316,0021301192,379,2,1,4,9:22 PM,9:19,,,MISS Allen 24' 3PT Jump Shot,,,5,951,Ray Allen,1610612748.0,Miami,Heat,MIA,0,0,,,,,,0,0,,,,,
317,0021301192,380,4,0,4,9:22 PM,9:17,Mack REBOUND (Off:1 Def:4),,,,,4,202714,Shelvin Mack,1610612737.0,Atlanta,Hawks,ATL,0,0,,,,,,0,0,,,,,
318,0021301192,381,2,1,4,9:22 PM,9:02,MISS Scott 11' Jump Shot,,Andersen BLOCK (2 BLK),,,4,203118,Mike Scott,1610612737.0,Atlanta,Hawks,ATL,0,0,,,,,,5,2365,Chris Andersen,1610612748.0,Miami,Heat,MIA
319,0021301192,382,4,0,4,9:22 PM,9:00,,,Wade REBOUND (Off:1 Def:2),,,5,2548,Dwyane Wade,1610612748.0,Miami,Heat,MIA,0,0,,,,,,0,0,,,,,
320,0021301192,383,1,41,4,9:22 PM,8:57,,,Wade 1' Running Layup (21 PTS),69 - 76,7,5,2548,Dwyane Wade,1610612748.0,Miami,Heat,MIA,0,0,,,,,,0,0,,,,,
321,0021301192,384,6,2,4,9:22 PM,8:57,Mack S.FOUL (P1.T2),,,,,4,202714,Shelvin Mack,1610612737.0,Atlanta,Hawks,ATL,5,2548,Dwyane Wade,1610612748.0,Miami,Heat,MIA,1,0,,,,,
322,0021301192,385,9,4,4,9:23 PM,8:57,,,,,,1,0,,,,,,0,0,,,,,,0,0,,,,,
323,0021301192,386,8,0,4,9:24 PM,8:57,SUB: Millsap FOR Brand,,,,,4,1882,Elton Brand,1610612737.0,Atlanta,Hawks,ATL,4,200794,Paul Millsap,1610612737.0,Atlanta,Hawks,ATL,0,0,,,,,
324,0021301192,387,8,0,4,9:24 PM,8:57,SUB: Teague FOR Mack,,,,,4,202714,Shelvin Mack,1610612737.0,Atlanta,Hawks,ATL,4,201952,Jeff Teague,1610612737.0,Atlanta,Hawks,ATL,0,0,,,,,
325,0021301192,388,8,0,4,9:24 PM,8:57,SUB: Korver FOR Martin,,,,,4,201858,Cartier Martin,1610612737.0,Atlanta,Hawks,ATL,4,2594,Kyle Korver,1610612737.0,Atlanta,Hawks,ATL,0,0,,,,,
326,0021301192,390,3,10,4,9:25 PM,8:57,,,Wade Free Throw 1 of 1 (22 PTS),70 - 76,6,5,2548,Dwyane Wade,1610612748.0,Miami,Heat,MIA,0,0,,,,,,0,0,,,,,
327,0021301192,392,6,2,4,9:26 PM,8:40,,,Lewis S.FOUL (P1.T2),,,5,1740,Rashard Lewis,1610612748.0,Miami,Heat,MIA,4,200794,Paul Millsap,1610612737.0,Atlanta,Hawks,ATL,1,0,,,,,
328,0021301192,393,3,11,4,9:26 PM,8:40,Millsap Free Throw 1 of 2 (10 PTS),,,70 - 77,7,4,200794,Paul Millsap,1610612737.0,Atlanta,Hawks,ATL,0,0,,,,,,0,0,,,,,
329,0021301192,395,3,12,4,9:26 PM,8:40,Millsap Free Throw 2 of 2 (11 PTS),,,70 - 78,8,4,200794,Paul Millsap,1610612737.0,Atlanta,Hawks,ATL,0,0,,,,,,0,0,,,,,
330,0021301192,397,2,1,4,9:26 PM,8:28,,,MISS Cole  3PT Jump Shot,,,5,202708,Norris Cole,1610612748.0,Miami,Heat,MIA,0,0,,,,,,0,0,,,,,
331,0021301192,398,4,0,4,9:26 PM,8:27,Millsap REBOUND (Off:1 Def:4),,,,,4,200794,Paul Millsap,1610612737.0,Atlanta,Hawks,ATL,0,0,,,,,,0,0,,,,,
332,0021301192,399,2,77,4,9:27 PM,8:16,MISS Millsap 4' Driving Jump Shot,,,,,4,200794,Paul Millsap,1610612737.0,Atlanta,Hawks,ATL,0,0,,,,,,0,0,,,,,
333,0021301192,400,4,0,4,9:27 PM,8:15,,,Andersen REBOUND (Off:0 Def:5),,,5,2365,Chris Andersen,1610612748.0,Miami,Heat,MIA,0,0,,,,,,0,0,,,,,
334,0021301192,401,5,6,4,9:27 PM,8:12,,,Cole Double Dribble Turnover (P2.T16),,,5,202708,Norris Cole,1610612748.0,Miami,Heat,MIA,0,0,,,,,,1,0,,,,,
335,0021301192,403,2,1,4,9:27 PM,7:59,MISS Teague 16' Jump Shot,,,,,4,201952,Jeff Teague,1610612737.0,Atlanta,Hawks,ATL,0,0,,,,,,0,0,,,,,
336,0021301192,404,4,0,4,9:27 PM,7:57,,,Andersen REBOUND (Off:0 Def:6),,,5,2365,Chris Andersen,1610612748.0,Miami,Heat,MIA,0,0,,,,,,0,0,,,,,
337,0021301192,405,1,42,4,9:27 PM,7:43,,,Wade 2' Driving Layup (24 PTS) (Cole 3 AST),72 - 78,6,5,2548,Dwyane Wade,1610612748.0,Miami,Heat,MIA,5,202708,Norris Cole,1610612748.0,Miami,Heat,MIA,0,0,,,,,
338,0021301192,407,1,1,4,9:28 PM,7:19,Williams 25' 3PT Jump Shot (11 PTS) (Teague 3 AST),,,72 - 81,9,4,101150,Lou Williams,1610612737.0,Atlanta,Hawks,ATL,4,201952,Jeff Teague,1610612737.0,Atlanta,Hawks,ATL,0,0,,,,,
339,0021301192,408,2,42,4,9:28 PM,6:52,,,MISS Wade 2' Driving Layup,,,5,2548,Dwyane Wade,1610612748.0,Miami,Heat,MIA,0,0,,,,,,0,0,,,,,
340,0021301192,410,4,0,4,9:29 PM,6:51,,,Andersen REBOUND (Off:1 Def:6),,,5,2365,Chris Andersen,1610612748.0,Miami,Heat,MIA,0,0,,,,,,0,0,,,,,
341,0021301192,409,2,4,4,9:29 PM,6:51,,,MISS Andersen 1' Tip Shot,,,5,2365,Chris Andersen,1610612748.0,Miami,Heat,MIA,0,0,,,,,,0,0,,,,,
342,0021301192,411,4,0,4,9:29 PM,6:50,Millsap REBOUND (Off:1 Def:5),,,,,4,200794,Paul Millsap,1610612737.0,Atlanta,Hawks,ATL,0,0,,,,,,0,0,,,,,
343,0021301192,412,2,41,4,9:29 PM,6:45,MISS Teague 1' Running Layup,,,,,4,201952,Jeff Teague,1610612737.0,Atlanta,Hawks,ATL,0,0,,,,,,0,0,,,,,
344,0021301192,413,4,0,4,9:29 PM,6:43,,,Lewis REBOUND (Off:1 Def:5),,,5,1740,Rashard Lewis,1610612748.0,Miami,Heat,MIA,0,0,,,,,,0,0,,,,,
345,0021301192,414,6,2,4,9:29 PM,6:42,Korver S.FOUL (P4.T3),,,,,4,2594,Kyle Korver,1610612737.0,Atlanta,Hawks,ATL,5,2548,Dwyane Wade,1610612748.0,Miami,Heat,MIA,1,0,,,,,
346,0021301192,415,3,11,4,9:29 PM,6:42,,,MISS Wade Free Throw 1 of 2,,,5,2548,Dwyane Wade,1610612748.0,Miami,Heat,MIA,0,0,,,,,,0,0,,,,,
347,0021301192,416,4,1,4,9:29 PM,6:42,,,Heat Rebound,,,3,1610612748,,,,,,0,0,,,,,,0,0,,,,,
348,0021301192,417,8,0,4,9:29 PM,6:42,,,SUB: Bosh FOR Cole,,,5,202708,Norris Cole,1610612748.0,Miami,Heat,MIA,5,2547,Chris Bosh,1610612748.0,Miami,Heat,MIA,0,0,,,,,
349,0021301192,418,8,0,4,9:29 PM,6:42,,,SUB: James FOR Allen,,,5,951,Ray Allen,1610612748.0,Miami,Heat,MIA,5,2544,LeBron James,1610612748.0,Miami,Heat,MIA,0,0,,,,,
350,0021301192,419,8,0,4,9:29 PM,6:42,,,SUB: Chalmers FOR Lewis,,,5,1740,Rashard Lewis,1610612748.0,Miami,Heat,MIA,5,201596,Mario Chalmers,1610612748.0,Miami,Heat,MIA,0,0,,,,,
351,0021301192,420,8,0,4,9:29 PM,6:42,SUB: Carroll FOR Korver,,,,,4,2594,Kyle Korver,1610612737.0,Atlanta,Hawks,ATL,4,201960,DeMarre Carroll,1610612737.0,Atlanta,Hawks,ATL,0,0,,,,,
352,0021301192,421,3,12,4,9:30 PM,6:42,,,MISS Wade Free Throw 2 of 2,,,5,2548,Dwyane Wade,1610612748.0,Miami,Heat,MIA,0,0,,,,,,0,0,,,,,
353,0021301192,423,4,0,4,9:30 PM,6:40,Millsap REBOUND (Off:1 Def:6),,,,,4,200794,Paul Millsap,1610612737.0,Atlanta,Hawks,ATL,0,0,,,,,,0,0,,,,,
354,0021301192,424,2,1,4,9:30 PM,6:27,MISS Scott 25' 3PT Jump Shot,,,,,4,203118,Mike Scott,1610612737.0,Atlanta,Hawks,ATL,0,0,,,,,,0,0,,,,,
355,0021301192,425,4,0,4,9:30 PM,6:25,,,James REBOUND (Off:0 Def:5),,,5,2544,LeBron James,1610612748.0,Miami,Heat,MIA,0,0,,,,,,0,0,,,,,
356,0021301192,426,5,1,4,9:30 PM,6:14,Carroll STEAL (1 STL),,Bosh Bad Pass Turnover (P3.T17),,,5,2547,Chris Bosh,1610612748.0,Miami,Heat,MIA,4,201960,DeMarre Carroll,1610612737.0,Atlanta,Hawks,ATL,0,0,,,,,
357,0021301192,427,1,50,4,9:30 PM,6:09,Scott  Running Dunk (12 PTS) (Carroll 4 AST),,,72 - 83,11,4,203118,Mike Scott,1610612737.0,Atlanta,Hawks,ATL,4,201960,DeMarre Carroll,1610612737.0,Atlanta,Hawks,ATL,0,0,,,,,
358,0021301192,428,9,1,4,9:30 PM,6:09,,,Heat Timeout: Regular (Reg.4 Short 0),,,3,1610612748,,,,,,0,0,,,,,,0,0,,,,,
359,0021301192,431,8,0,4,9:33 PM,6:09,,,SUB: Haslem FOR Wade,,,5,2548,Dwyane Wade,1610612748.0,Miami,Heat,MIA,5,2617,Udonis Haslem,1610612748.0,Miami,Heat,MIA,0,0,,,,,
360,0021301192,432,8,0,4,9:33 PM,6:09,,,SUB: Douglas FOR Andersen,,,5,2365,Chris Andersen,1610612748.0,Miami,Heat,MIA,5,201962,Toney Douglas,1610612748.0,Miami,Heat,MIA,0,0,,,,,
361,0021301192,433,2,1,4,9:33 PM,5:46,,,MISS James 15' Jump Shot,,,5,2544,LeBron James,1610612748.0,Miami,Heat,MIA,0,0,,,,,,0,0,,,,,
362,0021301192,434,4,0,4,9:33 PM,5:45,Scott REBOUND (Off:1 Def:4),,,,,4,203118,Mike Scott,1610612737.0,Atlanta,Hawks,ATL,0,0,,,,,,0,0,,,,,
363,0021301192,435,6,2,4,9:33 PM,5:29,,,Douglas S.FOUL (P2.T3),,,5,201962,Toney Douglas,1610612748.0,Miami,Heat,MIA,4,201952,Jeff Teague,1610612737.0,Atlanta,Hawks,ATL,1,0,,,,,
364,0021301192,436,3,11,4,9:34 PM,5:29,Teague Free Throw 1 of 2 (23 PTS),,,72 - 84,12,4,201952,Jeff Teague,1610612737.0,Atlanta,Hawks,ATL,0,0,,,,,,0,0,,,,,
365,0021301192,438,3,12,4,9:34 PM,5:29,MISS Teague Free Throw 2 of 2,,,,,4,201952,Jeff Teague,1610612737.0,Atlanta,Hawks,ATL,0,0,,,,,,0,0,,,,,
366,0021301192,440,4,0,4,9:34 PM,5:27,,,Haslem REBOUND (Off:0 Def:8),,,5,2617,Udonis Haslem,1610612748.0,Miami,Heat,MIA,0,0,,,,,,0,0,,,,,
367,0021301192,441,5,2,4,9:34 PM,5:11,Scott STEAL (2 STL),,Bosh Lost Ball Turnover (P4.T18),,,5,2547,Chris Bosh,1610612748.0,Miami,Heat,MIA,4,203118,Mike Scott,1610612737.0,Atlanta,Hawks,ATL,0,0,,,,,
368,0021301192,442,6,1,4,9:35 PM,5:11,,,Bosh P.FOUL (P2.T4),,,5,2547,Chris Bosh,1610612748.0,Miami,Heat,MIA,4,201952,Jeff Teague,1610612737.0,Atlanta,Hawks,ATL,1,0,,,,,
369,0021301192,443,8,0,4,9:35 PM,5:11,,,SUB: Allen FOR Haslem,,,5,2617,Udonis Haslem,1610612748.0,Miami,Heat,MIA,5,951,Ray Allen,1610612748.0,Miami,Heat,MIA,0,0,,,,,
370,0021301192,445,2,1,4,9:35 PM,4:54,MISS Scott  3PT Jump Shot,,,,,4,203118,Mike Scott,1610612737.0,Atlanta,Hawks,ATL,0,0,,,,,,0,0,,,,,
371,0021301192,446,4,0,4,9:35 PM,4:53,,,Chalmers REBOUND (Off:0 Def:3),,,5,201596,Mario Chalmers,1610612748.0,Miami,Heat,MIA,0,0,,,,,,0,0,,,,,
372,0021301192,447,2,46,4,9:35 PM,4:40,Carroll BLOCK (1 BLK),,MISS Douglas 4' Running Jump Shot,,,5,201962,Toney Douglas,1610612748.0,Miami,Heat,MIA,0,0,,,,,,4,201960,DeMarre Carroll,1610612737.0,Atlanta,Hawks,ATL
373,0021301192,448,4,0,4,9:35 PM,4:38,,,James REBOUND (Off:1 Def:5),,,5,2544,LeBron James,1610612748.0,Miami,Heat,MIA,0,0,,,,,,0,0,,,,,
374,0021301192,449,10,0,4,9:36 PM,4:38,Jump Ball Teague vs. James: Tip to Allen,,,,,4,201952,Jeff Teague,1610612737.0,Atlanta,Hawks,ATL,5,2544,LeBron James,1610612748.0,Miami,Heat,MIA,5,951,Ray Allen,1610612748.0,Miami,Heat,MIA
375,0021301192,450,1,1,4,9:36 PM,4:29,,,James 26' 3PT Jump Shot (20 PTS),75 - 84,9,5,2544,LeBron James,1610612748.0,Miami,Heat,MIA,0,0,,,,,,0,0,,,,,
376,0021301192,452,1,77,4,9:36 PM,4:18,Teague 4' Driving Jump Shot (25 PTS),,,75 - 86,11,4,201952,Jeff Teague,1610612737.0,Atlanta,Hawks,ATL,0,0,,,,,,0,0,,,,,
377,0021301192,453,2,1,4,9:36 PM,4:04,,,MISS Chalmers 26' 3PT Jump Shot,,,5,201596,Mario Chalmers,1610612748.0,Miami,Heat,MIA,0,0,,,,,,0,0,,,,,
378,0021301192,454,4,0,4,9:36 PM,4:02,Scott REBOUND (Off:1 Def:5),,,,,4,203118,Mike Scott,1610612737.0,Atlanta,Hawks,ATL,0,0,,,,,,0,0,,,,,
379,0021301192,455,6,4,4,9:37 PM,3:50,Millsap OFF.Foul (P3),,,,,4,200794,Paul Millsap,1610612737.0,Atlanta,Hawks,ATL,5,201596,Mario Chalmers,1610612748.0,Miami,Heat,MIA,1,0,,,,,
380,0021301192,456,5,5,4,9:37 PM,3:50,Millsap Foul Turnover (P2.T13),,,,,4,200794,Paul Millsap,1610612737.0,Atlanta,Hawks,ATL,0,0,,,,,,1,0,,,,,
381,0021301192,457,1,7,4,9:37 PM,3:37,,,Bosh  Dunk (11 PTS) (James 5 AST),77 - 86,9,5,2547,Chris Bosh,1610612748.0,Miami,Heat,MIA,5,2544,LeBron James,1610612748.0,Miami,Heat,MIA,0,0,,,,,
382,0021301192,459,2,77,4,9:37 PM,3:12,MISS Carroll 7' Driving Jump Shot,,,,,4,201960,DeMarre Carroll,1610612737.0,Atlanta,Hawks,ATL,0,0,,,,,,0,0,,,,,
383,0021301192,460,4,0,4,9:37 PM,3:10,,,Chalmers REBOUND (Off:0 Def:4),,,5,201596,Mario Chalmers,1610612748.0,Miami,Heat,MIA,0,0,,,,,,0,0,,,,,
384,0021301192,461,5,1,4,9:38 PM,3:05,Carroll STEAL (2 STL),,Bosh Bad Pass Turnover (P5.T19),,,5,2547,Chris Bosh,1610612748.0,Miami,Heat,MIA,4,201960,DeMarre Carroll,1610612737.0,Atlanta,Hawks,ATL,0,0,,,,,
385,0021301192,463,9,1,4,9:38 PM,3:01,HAWKS Timeout: Regular (Full 4 Short 1),,,,,2,1610612737,,,,,,0,0,,,,,,0,0,,,,,
386,0021301192,465,8,0,4,9:40 PM,3:01,,,SUB: Haslem FOR Bosh,,,5,2547,Chris Bosh,1610612748.0,Miami,Heat,MIA,5,2617,Udonis Haslem,1610612748.0,Miami,Heat,MIA,0,0,,,,,
387,0021301192,466,6,2,4,9:40 PM,2:54,,,Chalmers S.FOUL (P4.PN),,,5,201596,Mario Chalmers,1610612748.0,Miami,Heat,MIA,4,101150,Lou Williams,1610612737.0,Atlanta,Hawks,ATL,1,0,,,,,
388,0021301192,467,3,11,4,9:41 PM,2:54,Williams Free Throw 1 of 2 (12 PTS),,,77 - 87,10,4,101150,Lou Williams,1610612737.0,Atlanta,Hawks,ATL,0,0,,,,,,0,0,,,,,
389,0021301192,469,3,12,4,9:41 PM,2:54,Williams Free Throw 2 of 2 (13 PTS),,,77 - 88,11,4,101150,Lou Williams,1610612737.0,Atlanta,Hawks,ATL,0,0,,,,,,0,0,,,,,
390,0021301192,472,2,42,4,9:41 PM,2:41,,,MISS Haslem 1' Driving Layup,,,5,2617,Udonis Haslem,1610612748.0,Miami,Heat,MIA,0,0,,,,,,0,0,,,,,
391,0021301192,473,4,0,4,9:41 PM,2:39,Millsap REBOUND (Off:1 Def:7),,,,,4,200794,Paul Millsap,1610612737.0,Atlanta,Hawks,ATL,0,0,,,,,,0,0,,,,,
392,0021301192,474,2,77,4,9:41 PM,2:32,MISS Teague 3' Driving Jump Shot,,James BLOCK (1 BLK),,,4,201952,Jeff Teague,1610612737.0,Atlanta,Hawks,ATL,0,0,,,,,,5,2544,LeBron James,1610612748.0,Miami,Heat,MIA
393,0021301192,475,4,0,4,9:41 PM,2:30,,,Chalmers REBOUND (Off:0 Def:5),,,5,201596,Mario Chalmers,1610612748.0,Miami,Heat,MIA,0,0,,,,,,0,0,,,,,
394,0021301192,476,6,2,4,9:41 PM,2:30,Williams S.FOUL (P1.T4),,,,,4,101150,Lou Williams,1610612737.0,Atlanta,Hawks,ATL,5,201596,Mario Chalmers,1610612748.0,Miami,Heat,MIA,1,0,,,,,
395,0021301192,477,3,11,4,9:42 PM,2:30,,,MISS Chalmers Free Throw 1 of 2,,,5,201596,Mario Chalmers,1610612748.0,Miami,Heat,MIA,0,0,,,,,,0,0,,,,,
396,0021301192,478,4,1,4,9:42 PM,2:30,,,Heat Rebound,,,3,1610612748,,,,,,0,0,,,,,,0,0,,,,,
397,0021301192,479,3,12,4,9:42 PM,2:30,,,Chalmers Free Throw 2 of 2 (9 PTS),78 - 88,10,5,201596,Mario Chalmers,1610612748.0,Miami,Heat,MIA,0,0,,,,,,0,0,,,,,
398,0021301192,481,2,1,4,9:43 PM,2:14,MISS Teague 12' Jump Shot,,Douglas BLOCK (1 BLK),,,4,201952,Jeff Teague,1610612737.0,Atlanta,Hawks,ATL,0,0,,,,,,5,201962,Toney Douglas,1610612748.0,Miami,Heat,MIA
399,0021301192,482,4,0,4,9:43 PM,2:12,,,Douglas REBOUND (Off:0 Def:3),,,5,201962,Toney Douglas,1610612748.0,Miami,Heat,MIA,0,0,,,,,,0,0,,,,,
400,0021301192,483,2,1,4,9:43 PM,2:07,,,MISS James 3' Jump Shot,,,5,2544,LeBron James,1610612748.0,Miami,Heat,MIA,0,0,,,,,,0,0,,,,,
401,0021301192,485,4,0,4,9:43 PM,2:05,,,James REBOUND (Off:2 Def:5),,,5,2544,LeBron James,1610612748.0,Miami,Heat,MIA,0,0,,,,,,0,0,,,,,
402,0021301192,484,2,5,4,9:43 PM,2:05,,,MISS James 2' Layup,,,5,2544,LeBron James,1610612748.0,Miami,Heat,MIA,0,0,,,,,,0,0,,,,,
403,0021301192,486,4,0,4,9:43 PM,2:04,,,James REBOUND (Off:3 Def:5),,,5,2544,LeBron James,1610612748.0,Miami,Heat,MIA,0,0,,,,,,0,0,,,,,
404,0021301192,487,1,72,4,9:43 PM,2:04,,,James 1' Putback Layup (22 PTS),80 - 88,8,5,2544,LeBron James,1610612748.0,Miami,Heat,MIA,0,0,,,,,,0,0,,,,,
405,0021301192,488,6,2,4,9:43 PM,2:04,Millsap S.FOUL (P4.PN),,,,,4,200794,Paul Millsap,1610612737.0,Atlanta,Hawks,ATL,5,2544,LeBron James,1610612748.0,Miami,Heat,MIA,1,0,,,,,
406,0021301192,489,3,10,4,9:43 PM,2:04,,,MISS James Free Throw 1 of 1,,,5,2544,LeBron James,1610612748.0,Miami,Heat,MIA,0,0,,,,,,0,0,,,,,
407,0021301192,491,4,0,4,9:43 PM,2:03,Scott REBOUND (Off:1 Def:6),,,,,4,203118,Mike Scott,1610612737.0,Atlanta,Hawks,ATL,0,0,,,,,,0,0,,,,,
408,0021301192,493,1,77,4,9:44 PM,1:46,Williams 9' Driving Jump Shot (15 PTS),,,80 - 90,10,4,101150,Lou Williams,1610612737.0,Atlanta,Hawks,ATL,0,0,,,,,,0,0,,,,,
409,0021301192,494,2,42,4,9:44 PM,1:34,,,MISS Douglas 2' Driving Layup,,,5,201962,Toney Douglas,1610612748.0,Miami,Heat,MIA,0,0,,,,,,0,0,,,,,
410,0021301192,495,4,0,4,9:44 PM,1:33,Williams REBOUND (Off:0 Def:1),,,,,4,101150,Lou Williams,1610612737.0,Atlanta,Hawks,ATL,0,0,,,,,,0,0,,,,,
411,0021301192,496,6,1,4,9:44 PM,1:18,,,Douglas P.FOUL (P3.PN),,,5,201962,Toney Douglas,1610612748.0,Miami,Heat,MIA,4,101150,Lou Williams,1610612737.0,Atlanta,Hawks,ATL,1,0,,,,,
412,0021301192,497,3,11,4,9:44 PM,1:18,Williams Free Throw 1 of 2 (16 PTS),,,80 - 91,11,4,101150,Lou Williams,1610612737.0,Atlanta,Hawks,ATL,0,0,,,,,,0,0,,,,,
413,0021301192,499,3,12,4,9:45 PM,1:18,Williams Free Throw 2 of 2 (17 PTS),,,80 - 92,12,4,101150,Lou Williams,1610612737.0,Atlanta,Hawks,ATL,0,0,,,,,,0,0,,,,,
414,0021301192,502,5,2,4,9:45 PM,1:11,Millsap STEAL (2 STL),,Haslem Lost Ball Turnover (P3.T20),,,5,2617,Udonis Haslem,1610612748.0,Miami,Heat,MIA,4,200794,Paul Millsap,1610612737.0,Atlanta,Hawks,ATL,0,0,,,,,
415,0021301192,501,10,0,4,9:45 PM,1:11,Jump Ball Millsap vs. Haslem: Tip to,,,,,4,200794,Paul Millsap,1610612737.0,Atlanta,Hawks,ATL,5,2617,Udonis Haslem,1610612748.0,Miami,Heat,MIA,2,1610612737,,,,,
416,0021301192,504,1,63,4,9:46 PM,0:41,Williams 26' 3PT Fadeaway Jumper (20 PTS) (Scott 2 AST),,,80 - 95,15,4,101150,Lou Williams,1610612737.0,Atlanta,Hawks,ATL,4,203118,Mike Scott,1610612737.0,Atlanta,Hawks,ATL,0,0,,,,,
417,0021301192,505,1,1,4,9:46 PM,0:39,,,James 27' 3PT Jump Shot (25 PTS),83 - 95,12,5,2544,LeBron James,1610612748.0,Miami,Heat,MIA,0,0,,,,,,0,0,,,,,
418,0021301192,506,1,1,4,9:47 PM,0:20,Williams 24' 3PT Jump Shot (23 PTS),,,83 - 98,15,4,101150,Lou Williams,1610612737.0,Atlanta,Hawks,ATL,0,0,,,,,,0,0,,,,,
419,0021301192,508,6,2,4,9:47 PM,0:16,Carroll S.FOUL (P5.PN),,,,,4,201960,DeMarre Carroll,1610612737.0,Atlanta,Hawks,ATL,5,2544,LeBron James,1610612748.0,Miami,Heat,MIA,1,0,,,,,
420,0021301192,509,3,13,4,9:47 PM,0:16,,,James Free Throw 1 of 3 (26 PTS),84 - 98,14,5,2544,LeBron James,1610612748.0,Miami,Heat,MIA,0,0,,,,,,0,0,,,,,
421,0021301192,511,3,14,4,9:48 PM,0:16,,,James Free Throw 2 of 3 (27 PTS),85 - 98,13,5,2544,LeBron James,1610612748.0,Miami,Heat,MIA,0,0,,,,,,0,0,,,,,
422,0021301192,513,8,0,4,9:48 PM,0:16,SUB: Martin FOR Williams,,,,,4,101150,Lou Williams,1610612737.0,Atlanta,Hawks,ATL,4,201858,Cartier Martin,1610612737.0,Atlanta,Hawks,ATL,0,0,,,,,
423,0021301192,514,3,15,4,9:48 PM,0:16,,,MISS James Free Throw 3 of 3,,,5,2544,LeBron James,1610612748.0,Miami,Heat,MIA,0,0,,,,,,0,0,,,,,
424,0021301192,516,4,0,4,9:48 PM,0:14,Carroll REBOUND (Off:1 Def:5),,,,,4,201960,DeMarre Carroll,1610612737.0,Atlanta,Hawks,ATL,0,0,,,,,,0,0,,,,,
425,0021301192,517,13,0,4,9:49 PM,0:00,,,,85 - 98,13,0,0,,,,,,0,0,,,,,,0,0,,,,,
